age,annual_income,employment_years,loan_amount,loan_term_months,credit_score,debt_to_income,existing_loans,missed_payments_12m,savings_balance,employment_type,housing_status,dependents,approved
40,1232130,5.3,1187402,36,751,32.1,2,0,368928,Contract,Rented,0,1
23,903864,1.2,1031500,36,763,47.8,1,1,27705,Self-employed,Rented,1,1
40,1507193,10.6,2333617,36,813,19.3,2,2,102344,Salaried,Rented,0,1
39,1031965,10.6,5270797,72,738,40.3,3,0,229007,Self-employed,Owned,1,1
57,1552533,15.0,5871929,84,712,45.6,3,0,206670,Salaried,Rented,2,0
49,350283,20.8,2564085,72,637,24.0,2,2,60071,Salaried,Rented,2,0
53,622752,23.0,1619323,60,786,40.3,1,0,243633,Salaried,Owned,2,1
62,892829,15.9,4250829,60,685,23.1,2,1,373932,Salaried,Rented,0,0
21,474434,0.5,5420791,60,781,22.6,2,1,128988,Self-employed,Rented,2,1
24,356545,2.4,833633,36,627,33.2,1,0,15830,Salaried,Rented,0,0
64,347222,25.6,3236008,60,707,30.1,2,2,136551,Contract,Owned,2,1
63,1412809,23.9,8673716,60,794,34.3,0,0,421408,Salaried,Rented,0,1
49,1084933,10.6,1108727,36,577,41.0,1,2,561687,Salaried,Owned,3,1
32,1123328,8.6,4644658,36,679,11.6,1,0,92850,Salaried,Rented,0,1
48,687238,7.5,2210055,60,757,39.5,3,0,443737,Self-employed,Rented,3,0
64,1312341,24.8,1543845,84,669,27.2,2,2,600177,Self-employed,Rented,3,1
30,1017190,6.8,1763290,84,715,35.3,1,0,598748,Contract,Rented,3,1
65,984995,18.5,1487643,72,825,42.2,4,1,484535,Self-employed,Rented,0,0
58,2456864,10.9,3342632,48,737,2.0,1,0,761497,Self-employed,Rented,2,1
62,1268129,13.9,1489380,60,665,13.2,3,0,534565,Salaried,Owned,1,0
38,947000,10.4,1250992,60,753,32.8,1,0,76374,Salaried,Rented,1,1
21,1413977,0.3,3652806,60,725,19.4,2,0,62840,Self-employed,Rented,2,1
45,917920,15.5,2473102,60,708,24.7,2,0,193623,Salaried,Rented,2,1
24,1036225,2.8,3519978,36,634,25.8,1,0,379792,Salaried,Owned,0,1
48,823086,20.3,475026,48,777,19.6,4,2,101054,Salaried,Owned,1,1
41,576421,11.9,3628877,60,662,29.7,1,0,183330,Salaried,Owned,2,0
50,521974,19.3,1207208,60,693,26.6,2,1,298531,Salaried,Rented,3,0
31,1323375,6.8,3846191,48,752,35.2,1,0,627969,Salaried,Rented,1,1
22,644486,1.4,10940202,48,615,18.7,2,0,57358,Self-employed,Rented,0,0
23,1205155,0.8,529931,36,643,34.5,0,1,371283,Salaried,Owned,1,1
60,536669,11.6,3511215,36,613,54.3,1,0,129647,Salaried,Owned,1,0
58,908396,25.2,5026105,48,714,7.8,2,0,397617,Salaried,Rented,1,1
58,610683,20.7,813327,60,657,37.7,2,1,371631,Self-employed,Rented,0,1
60,669827,20.8,688455,24,734,19.4,0,0,320889,Salaried,Rented,2,1
32,1128299,6.5,3152978,24,781,36.8,0,1,400326,Salaried,Owned,0,1
25,1022382,2.0,2390884,72,730,29.8,3,0,206988,Salaried,Owned,0,0
63,885436,22.2,1045786,60,691,32.0,2,0,385640,Salaried,Rented,2,1
24,1110047,2.0,3215298,48,581,36.5,3,1,221020,Salaried,Owned,1,0
25,1216509,2.2,3147176,36,553,47.4,0,1,598148,Salaried,Owned,0,1
61,849599,17.7,504583,72,655,22.4,1,0,522076,Salaried,Owned,3,1
45,1201820,8.5,2808900,60,624,37.1,2,1,405619,Salaried,Owned,2,0
53,848646,22.3,1696013,72,692,45.2,1,1,484262,Self-employed,Rented,1,1
25,991042,2.0,4004756,60,556,35.1,2,0,525482,Salaried,Rented,0,0
55,701250,17.2,1470183,60,661,24.1,2,2,392930,Salaried,Owned,0,0
40,536927,7.9,2875213,60,850,37.4,4,0,43095,Salaried,Rented,1,1
46,1028597,16.9,6522583,60,760,29.6,2,0,199838,Salaried,Rented,4,1
52,1383997,20.6,4672484,48,675,40.7,0,3,283689,Salaried,Owned,2,0
39,356482,4.9,5789083,60,650,22.3,4,1,40643,Salaried,Owned,4,0
48,1018528,13.3,5380639,24,591,35.4,2,0,260160,Self-employed,Owned,0,0
27,1152900,2.0,879306,60,498,26.1,3,1,675327,Salaried,Owned,1,0
49,1345379,12.3,1301968,60,713,18.9,1,1,182755,Salaried,Rented,2,1
50,844318,12.2,961171,84,660,26.8,2,1,431211,Self-employed,Rented,1,1
60,824513,10.9,4006214,36,698,40.7,0,3,118858,Self-employed,Rented,1,0
55,684003,20.2,2147022,36,659,2.0,3,1,78606,Contract,Rented,0,1
56,948111,19.4,1614910,48,824,37.1,3,0,542151,Salaried,Owned,0,1
56,896035,22.2,575395,36,739,40.0,0,0,363923,Salaried,Other,0,1
38,1006315,12.3,5243092,72,645,47.3,1,1,554122,Contract,Rented,1,0
54,1568469,19.2,3796431,48,687,26.2,2,1,703659,Salaried,Rented,1,0
22,454657,1.0,1788835,48,658,37.5,0,1,178237,Salaried,Rented,3,1
60,1259064,19.7,4882313,48,656,37.9,2,1,342038,Salaried,Rented,0,1
60,1577618,22.9,1267817,60,609,15.7,4,0,358337,Salaried,Rented,3,1
27,895306,2.0,535002,24,652,49.9,1,0,502915,Salaried,Rented,0,0
50,799714,10.7,1684379,48,843,36.3,1,1,41280,Self-employed,Rented,3,1
64,588658,16.3,4650488,48,549,20.4,0,0,20854,Contract,Owned,2,1
42,1082320,13.7,2721307,36,498,21.4,0,0,382939,Self-employed,Rented,0,0
29,1196078,4.5,3662254,60,798,24.9,1,0,396335,Self-employed,Owned,3,0
41,802158,15.1,4451645,60,672,25.5,2,0,355327,Salaried,Owned,1,1
22,475382,0.8,2926151,72,686,24.0,2,1,254241,Salaried,Rented,0,1
52,842772,19.9,1602217,60,605,24.7,0,0,290569,Self-employed,Rented,3,1
24,1145873,1.3,1136041,60,718,19.9,1,1,485075,Salaried,Owned,3,1
64,974299,29.2,3382506,48,607,12.9,2,0,214385,Salaried,Rented,1,1
24,1069613,2.1,2236124,48,665,14.6,1,0,362003,Contract,Owned,2,0
38,629311,6.7,1178385,48,654,36.6,3,1,26149,Self-employed,Owned,0,1
57,587747,16.7,2554637,72,728,44.6,2,0,255062,Salaried,Rented,0,1
53,851105,12.4,1606822,84,850,26.9,3,2,145037,Contract,Rented,2,1
64,1319008,19.2,924018,60,788,39.9,2,0,366924,Salaried,Rented,0,1
38,1022003,5.5,3610624,60,719,53.7,1,0,562435,Self-employed,Owned,2,0
31,480601,7.9,4322984,72,850,48.6,2,0,298822,Self-employed,Rented,3,0
31,617518,6.7,1243033,60,694,22.1,2,2,81529,Self-employed,Owned,0,1
60,667166,25.1,1741847,60,733,27.7,3,1,152442,Salaried,Rented,0,1
55,573308,10.9,4613715,60,650,44.8,0,0,207329,Salaried,Owned,1,1
29,1360551,5.0,2460210,48,629,14.3,0,0,857927,Salaried,Rented,2,1
55,1681239,19.7,1273584,72,732,29.0,2,0,874933,Salaried,Rented,2,1
22,833114,0.9,2762750,60,731,54.9,0,0,212374,Salaried,Owned,1,0
36,831867,10.9,1627036,24,680,55.3,1,0,287464,Self-employed,Owned,0,0
51,1724517,17.0,1506546,72,743,21.3,0,0,647321,Self-employed,Owned,2,1
41,1299332,13.2,4830128,36,725,25.9,3,0,205737,Salaried,Rented,1,1
30,805559,6.9,2483370,60,536,52.6,2,0,367097,Contract,Other,1,0
53,756411,15.8,1847912,60,647,33.8,1,2,320092,Salaried,Owned,2,1
24,843842,2.1,4256619,72,742,26.8,4,0,209702,Self-employed,Rented,3,1
35,565804,6.4,3083556,84,663,25.5,2,1,105256,Contract,Owned,3,1
41,1183392,7.0,1461913,60,710,24.1,1,0,247619,Self-employed,Rented,2,0
60,250000,10.4,1398134,48,568,25.1,1,0,79085,Salaried,Rented,1,0
62,802762,22.5,3451590,84,610,37.8,5,1,427630,Salaried,Owned,2,1
54,746420,16.5,6124345,60,714,33.3,2,1,482857,Contract,Rented,2,0
62,1241095,21.9,1310603,84,766,33.2,2,0,115054,Salaried,Owned,0,1
63,1787651,28.5,3199106,72,700,44.9,0,0,974528,Salaried,Owned,0,1
60,594605,26.1,1158297,24,800,25.1,2,0,132063,Self-employed,Other,2,1
44,1395433,12.8,2300250,36,741,26.9,0,1,373111,Salaried,Owned,3,1
44,889592,11.5,4611114,60,777,24.0,2,1,266202,Self-employed,Owned,1,1
22,574808,0.6,10608307,72,586,46.6,2,0,242812,Salaried,Owned,0,0
61,1193833,17.2,1940556,72,638,51.0,2,1,755662,Self-employed,Owned,4,1
43,1348554,8.3,2054866,84,732,39.3,1,1,803698,Self-employed,Rented,5,0
64,947706,16.6,813292,48,652,23.9,2,2,235895,Salaried,Owned,1,1
47,489454,13.3,12574419,60,749,21.7,3,1,314514,Salaried,Owned,2,0
37,571744,11.7,3146131,72,668,30.7,2,0,367899,Salaried,Rented,3,1
50,1146582,11.5,3705758,60,780,29.6,1,0,358340,Contract,Rented,0,1
50,717006,11.6,3147963,72,755,31.6,1,1,401833,Salaried,Rented,0,0
28,815890,3.3,2340132,60,807,7.9,0,0,317892,Salaried,Owned,3,1
28,1253340,5.0,820290,60,675,19.4,1,0,96778,Salaried,Rented,1,0
63,1902218,28.0,1670637,60,741,28.7,3,1,598812,Contract,Rented,3,1
58,1020168,21.2,1338453,60,729,36.2,0,0,590675,Salaried,Owned,4,1
31,1079241,7.4,1497437,48,631,43.3,1,1,547535,Self-employed,Rented,1,0
22,799610,1.5,995432,72,686,29.8,0,0,181376,Self-employed,Other,3,0
54,1055819,11.3,2767217,60,720,32.5,2,1,641024,Salaried,Owned,1,1
32,674775,7.3,1689952,48,716,45.2,2,2,32757,Salaried,Owned,3,0
45,1013353,11.9,2441479,72,591,2.0,6,0,647453,Salaried,Other,2,1
29,524365,4.5,3707879,24,838,21.2,2,1,255663,Contract,Rented,3,0
59,2427383,27.4,2888007,84,800,31.5,2,1,979945,Self-employed,Owned,3,1
28,2373362,5.0,3259152,60,534,23.7,2,0,875069,Contract,Owned,1,1
26,1049939,4.4,1977538,36,705,4.6,0,1,323776,Self-employed,Owned,1,1
65,518139,26.5,4724145,60,690,49.9,3,0,88887,Self-employed,Rented,0,0
46,629201,7.2,9358688,60,563,31.2,1,1,274545,Salaried,Rented,1,1
32,1249394,7.9,1445978,60,845,17.7,3,0,387262,Salaried,Rented,1,1
54,1314627,20.9,1110829,48,481,38.3,0,0,759950,Contract,Owned,1,1
38,515409,7.7,2410677,84,626,30.0,6,0,69950,Self-employed,Owned,2,1
52,1419531,15.8,548440,60,744,26.3,2,1,732864,Salaried,Owned,1,1
46,868367,11.5,1376366,24,745,29.1,1,0,284809,Salaried,Rented,1,1
64,907226,15.7,796966,72,650,28.4,2,0,548130,Salaried,Rented,1,1
47,2095815,7.7,680735,48,850,69.5,2,0,413631,Self-employed,Rented,2,0
27,431322,2.4,3387818,36,687,2.0,0,2,86216,Salaried,Rented,1,0
46,498398,7.6,2799652,48,657,18.9,1,0,298758,Salaried,Rented,1,1
38,1370930,6.0,2127368,36,713,22.3,1,1,822580,Salaried,Owned,0,0
22,1245593,0.7,2900938,60,721,35.0,2,0,129822,Self-employed,Rented,1,0
61,802320,24.1,1603342,48,504,45.2,2,0,212312,Salaried,Owned,1,1
34,976148,7.2,1560015,72,587,38.9,0,0,353764,Contract,Rented,2,0
41,1086135,8.9,979889,72,646,28.2,1,1,531742,Contract,Rented,4,1
49,677053,15.8,3088700,48,647,17.1,1,0,391980,Self-employed,Owned,2,1
30,1321331,5.5,2551793,24,693,14.0,0,1,363808,Salaried,Rented,0,1
23,786012,2.0,2091504,36,775,25.5,1,1,416006,Salaried,Owned,2,0
37,695673,4.9,5327133,60,762,24.2,2,0,151747,Salaried,Owned,2,1
29,923393,5.1,4845358,48,622,32.8,3,0,253145,Salaried,Owned,2,0
21,994133,0.4,1646386,36,795,29.2,3,1,57513,Salaried,Rented,1,0
37,1151343,12.3,732666,36,729,32.7,2,1,276191,Self-employed,Rented,0,1
52,1032571,15.0,1695666,60,683,2.4,1,0,421450,Self-employed,Rented,2,1
32,1781894,6.9,2392477,36,736,39.3,1,0,321212,Salaried,Rented,1,0
63,663786,24.5,2829294,60,745,37.1,1,1,405869,Salaried,Rented,3,1
64,316293,17.9,699267,72,749,42.7,1,2,72274,Salaried,Other,1,1
59,877703,15.3,1341668,60,744,8.1,2,1,113070,Contract,Owned,2,1
52,521174,22.5,3832584,84,762,50.0,0,0,240305,Self-employed,Owned,1,1
60,2241273,17.5,2196226,60,623,43.7,0,1,562374,Contract,Owned,1,1
46,708250,17.4,1151985,36,745,10.6,2,2,250986,Self-employed,Owned,1,1
32,496592,4.8,1221698,60,648,27.5,2,0,79217,Self-employed,Rented,2,0
38,1798108,5.7,684407,60,622,15.8,1,4,937979,Self-employed,Owned,1,0
25,557131,2.3,4342155,24,623,40.1,3,1,346180,Self-employed,Owned,3,0
28,272528,5.5,2171984,48,771,13.7,2,2,45895,Self-employed,Rented,3,1
52,1880548,10.3,1675999,48,665,2.0,2,0,92020,Contract,Rented,4,1
52,414427,13.6,5576592,84,723,18.2,0,2,55812,Contract,Rented,0,1
60,1497556,19.2,2462498,60,646,52.5,3,1,324965,Salaried,Rented,0,0
32,970939,4.6,3395711,36,640,12.4,3,3,560634,Contract,Rented,3,0
21,788494,0.4,4029305,84,675,23.1,0,1,415253,Contract,Rented,1,0
62,936920,10.5,3093552,48,781,32.0,1,0,77266,Contract,Owned,1,0
39,1982018,8.1,2114176,36,718,13.7,1,2,518929,Self-employed,Owned,0,1
35,1124980,7.8,4128176,72,721,38.4,0,0,255190,Salaried,Rented,1,1
65,2178437,19.0,3174181,48,697,18.0,1,0,735002,Salaried,Rented,0,1
51,949684,8.9,2032065,48,752,26.2,1,1,529158,Salaried,Owned,2,0
62,836396,11.7,1278401,72,644,42.0,1,0,442110,Salaried,Owned,1,0
23,923455,0.8,2122364,60,564,27.9,1,1,537016,Contract,Rented,1,0
45,1056721,14.0,2813136,60,830,40.2,4,0,502361,Salaried,Owned,3,1
37,854361,8.6,4425127,48,822,49.2,0,0,228132,Salaried,Rented,1,1
46,980805,17.9,951475,36,688,27.1,1,0,254905,Self-employed,Owned,0,0
57,790728,22.8,610655,72,647,34.3,0,1,310186,Self-employed,Owned,1,1
30,441428,2.9,805414,36,734,49.4,4,0,38682,Salaried,Rented,1,0
61,543002,26.5,1365924,72,850,61.8,0,0,60085,Self-employed,Rented,2,1
34,707908,7.6,680709,36,670,31.6,1,2,418293,Self-employed,Rented,2,0
35,456115,11.1,1193609,48,850,2.0,4,0,39872,Salaried,Owned,0,1
39,905873,13.3,1231990,36,784,26.2,3,0,369884,Salaried,Other,0,0
51,970530,18.1,2543096,72,776,23.9,2,2,473746,Salaried,Owned,1,1
42,843771,8.6,1446219,72,642,29.5,1,0,59405,Salaried,Owned,3,0
42,575950,10.7,1363370,48,699,27.2,0,0,346516,Salaried,Owned,0,1
23,829495,0.9,3272704,48,569,21.7,0,1,215412,Salaried,Rented,0,1
56,1066291,25.8,3412341,48,689,2.0,1,0,415227,Salaried,Rented,0,1
38,733252,5.7,5801541,84,637,17.6,1,3,95732,Salaried,Owned,1,0
55,727322,13.0,2320958,72,629,14.3,3,0,124067,Salaried,Rented,2,1
39,1526172,9.1,1527862,24,668,33.7,1,1,331451,Contract,Owned,2,1
31,780485,6.2,1271648,24,684,14.3,3,1,37340,Salaried,Rented,1,0
53,506881,19.0,2036123,24,713,17.5,1,0,41936,Salaried,Owned,0,1
54,718159,22.9,3058540,84,715,13.4,1,1,245390,Self-employed,Owned,1,1
49,1180446,20.2,1772024,60,619,22.0,2,0,539925,Salaried,Rented,2,1
42,762274,15.0,1621937,36,711,41.9,0,0,357291,Salaried,Rented,4,1
39,1277130,7.2,2528619,48,539,43.3,1,0,762774,Salaried,Rented,3,1
32,1081655,7.9,783071,72,730,53.8,2,0,484458,Self-employed,Owned,1,1
22,718572,1.4,1188019,48,739,26.1,1,0,45315,Self-employed,Owned,0,1
40,674739,7.7,4336417,72,713,49.2,0,0,61998,Salaried,Owned,0,1
64,998209,16.0,5725448,72,696,22.9,3,1,337412,Contract,Other,4,1
58,1441137,15.3,1611163,48,618,30.2,2,0,651111,Self-employed,Owned,3,1
46,1046667,16.8,4037613,60,684,22.8,3,0,115167,Self-employed,Owned,0,1
60,1085371,29.6,1498182,72,747,32.3,0,1,74467,Self-employed,Rented,2,1
42,1454004,8.3,1482297,48,664,34.1,0,0,772332,Self-employed,Rented,1,1
40,1104282,12.3,2158400,60,767,24.1,3,1,619767,Salaried,Owned,3,1
42,847633,9.2,2441353,60,678,36.6,1,1,381170,Salaried,Owned,5,0
27,2474556,4.8,1094356,60,730,49.7,2,0,756592,Salaried,Owned,0,1
51,737592,19.2,8979056,72,599,26.4,0,0,372197,Salaried,Rented,0,1
32,1229122,8.4,2649009,60,650,35.7,0,0,308339,Salaried,Rented,5,0
63,1216638,29.8,4418133,36,815,23.5,0,2,683120,Self-employed,Rented,2,1
64,1549838,11.3,1499635,72,835,9.9,2,1,993077,Salaried,Rented,2,1
64,1086790,14.6,1889555,36,748,18.3,0,2,248641,Salaried,Owned,2,0
48,905815,14.6,1474928,48,773,44.8,0,1,554572,Salaried,Rented,2,0
30,936843,3.5,3099523,48,653,33.4,1,2,319229,Salaried,Other,1,1
32,1387601,7.5,1737191,36,592,35.0,0,0,540389,Salaried,Owned,1,1
65,1029907,13.1,629810,72,745,24.9,4,1,295584,Salaried,Owned,1,1
43,722672,13.6,2787934,60,713,14.9,2,1,301755,Salaried,Owned,1,1
53,856407,23.0,1246998,48,728,23.6,2,0,263974,Salaried,Owned,1,1
23,1300891,1.0,2369154,36,670,16.9,2,1,687748,Self-employed,Owned,1,1
44,1175866,7.0,585294,48,757,34.0,0,0,723632,Self-employed,Rented,1,1
29,681551,5.2,416928,60,739,26.8,0,1,91103,Salaried,Rented,3,1
46,908045,17.3,5715524,60,691,33.1,1,2,271482,Contract,Owned,0,0
38,1199759,10.3,9746874,48,678,32.0,1,1,755328,Self-employed,Rented,3,0
35,1263280,10.4,1865300,60,704,34.7,0,1,773814,Salaried,Owned,3,0
47,1277454,19.9,3968790,72,660,25.5,0,0,720697,Salaried,Owned,0,1
39,790469,14.0,2137907,84,772,25.0,1,0,465764,Self-employed,Rented,1,1
21,867566,0.7,1275786,48,681,47.8,2,0,327230,Self-employed,Rented,1,0
57,1532966,17.8,2699434,24,686,37.4,3,0,144878,Salaried,Other,3,0
51,1114058,17.3,3992955,48,657,49.4,1,0,512534,Salaried,Rented,2,0
23,955543,0.9,2357881,60,673,28.6,3,1,564067,Self-employed,Rented,1,0
46,856441,15.1,3755723,60,626,24.0,1,0,211850,Contract,Owned,0,1
27,593288,3.2,2533600,60,748,23.5,1,0,111926,Salaried,Rented,2,1
22,969034,0.9,1697512,60,718,27.2,3,0,92944,Salaried,Owned,2,0
65,626021,24.6,3120548,36,762,35.2,1,0,353185,Salaried,Owned,0,1
54,668424,16.6,1757273,60,720,27.1,4,1,424933,Salaried,Owned,0,1
28,855394,3.8,1279360,48,741,37.9,1,0,90547,Self-employed,Owned,1,0
26,570278,3.7,2772938,24,798,21.1,0,1,69220,Salaried,Owned,1,1
44,432620,16.9,2068487,60,708,45.9,1,1,121202,Self-employed,Other,2,1
26,470039,1.6,2954405,72,784,35.6,1,0,133670,Salaried,Owned,2,1
23,410934,1.0,3150557,72,809,44.3,3,1,76452,Self-employed,Other,3,0
42,523925,8.4,1609080,48,791,33.8,1,1,103863,Salaried,Owned,1,0
38,927901,4.9,1340497,72,739,27.9,2,0,367329,Contract,Rented,1,1
46,719059,16.2,9548169,84,690,26.9,2,1,260711,Salaried,Owned,2,1
38,607971,12.1,5866970,60,601,19.3,1,0,163179,Contract,Owned,0,0
57,569759,14.8,1017915,60,679,32.3,0,1,161003,Salaried,Rented,0,1
33,811904,5.8,4654736,84,788,25.5,1,1,73073,Contract,Rented,3,0
27,1179551,3.3,2175021,36,661,27.2,1,2,459970,Self-employed,Owned,1,0
58,829521,16.5,2400365,60,812,25.4,0,0,488416,Salaried,Rented,0,1
27,1249884,2.9,4488967,60,753,18.8,1,1,348916,Self-employed,Owned,3,1
50,1239310,18.0,2875943,36,697,20.2,1,1,431152,Salaried,Owned,1,1
32,1440718,3.4,2306228,36,621,17.4,3,0,744226,Salaried,Owned,2,0
51,1016725,21.7,1673165,60,548,18.6,1,1,610343,Salaried,Rented,3,1
60,1795576,22.5,3362869,36,676,32.1,0,1,1155177,Salaried,Owned,2,1
29,763661,5.3,4366891,60,627,54.8,0,0,302981,Salaried,Owned,0,1
65,823688,20.0,2989799,24,850,13.1,0,0,315819,Salaried,Owned,2,1
25,704745,2.3,1154214,60,618,25.1,0,2,23826,Contract,Rented,2,0
25,565430,1.5,801166,36,630,9.7,0,0,123736,Salaried,Owned,0,1
29,1422291,3.9,3137252,36,712,26.3,2,0,723119,Salaried,Rented,0,1
64,859467,23.3,3982599,24,850,35.0,0,3,33675,Salaried,Owned,0,1
21,1352788,0.5,1780219,84,768,25.1,1,2,830401,Salaried,Owned,1,0
29,723389,6.0,1533207,36,616,5.5,1,4,278934,Contract,Owned,2,0
59,672634,16.3,1320191,48,677,16.3,2,0,189332,Contract,Owned,2,0
64,505606,16.3,4174800,60,744,38.1,1,2,65682,Salaried,Owned,2,1
54,646707,23.3,2087836,72,639,40.7,1,0,140103,Self-employed,Owned,2,1
54,807210,20.8,3444731,60,641,35.6,0,3,118485,Salaried,Rented,1,1
58,691511,15.5,2752770,36,698,30.8,1,2,200888,Self-employed,Owned,2,1
37,639001,11.6,1070411,60,580,31.0,1,0,375399,Self-employed,Rented,1,0
60,1101892,15.1,1521827,72,759,35.2,3,0,115737,Self-employed,Owned,1,1
23,547883,1.7,4010084,48,667,25.0,0,0,142209,Self-employed,Owned,1,0
34,889418,8.2,2040353,72,610,24.1,1,2,542190,Self-employed,Rented,3,1
62,599587,25.1,1023945,48,690,34.3,0,2,122905,Contract,Rented,6,1
54,538932,16.7,1610209,60,473,21.3,0,0,68020,Contract,Owned,2,1
38,773172,12.4,3243708,36,648,35.6,1,0,416382,Self-employed,Owned,2,1
27,712250,3.0,2720719,36,749,38.1,3,2,441076,Salaried,Other,2,1
25,603283,2.9,4981584,60,661,31.0,0,0,318605,Salaried,Owned,0,0
27,1221918,5.0,2236572,48,735,27.3,1,0,737040,Salaried,Other,2,1
40,711404,10.8,1575224,48,624,16.7,3,0,196988,Salaried,Owned,1,1
63,1091959,32.1,442237,24,809,34.0,0,0,55810,Self-employed,Owned,0,1
28,2323191,4.1,1332400,72,624,17.9,2,0,225687,Self-employed,Owned,1,0
48,1459786,20.6,1788195,72,716,3.9,2,0,720973,Salaried,Rented,0,1
65,1182753,16.5,3502829,24,703,37.3,0,0,249166,Contract,Rented,2,1
33,698523,8.2,1266321,84,679,4.3,2,1,45789,Contract,Owned,0,1
33,1097077,5.2,5281542,60,733,23.1,0,1,249784,Salaried,Rented,1,1
58,765236,21.2,3091026,48,662,25.2,2,2,378718,Salaried,Rented,2,0
50,968239,21.6,6370632,36,709,44.9,3,3,194616,Self-employed,Owned,0,0
60,584511,29.0,2518322,60,604,33.8,3,2,140066,Salaried,Owned,3,1
62,889788,27.8,2629063,60,564,44.1,2,0,442518,Self-employed,Rented,2,1
61,854228,10.4,986851,36,797,24.3,3,0,489029,Salaried,Rented,3,1
38,1180212,11.6,864604,72,645,20.8,1,0,391005,Salaried,Rented,1,1
22,1153161,1.2,8447236,48,734,2.3,1,0,189805,Self-employed,Owned,1,1
45,842324,15.9,6135079,72,765,14.2,0,0,486729,Salaried,Owned,1,1
29,1460793,5.1,3294655,24,719,54.9,3,1,405064,Salaried,Other,1,1
30,727225,6.3,1975908,36,739,46.3,0,1,267243,Salaried,Owned,2,0
40,1077872,9.3,1509200,72,587,30.9,0,1,316518,Salaried,Owned,0,1
55,824390,9.1,693338,84,541,42.2,4,0,340398,Self-employed,Rented,0,0
59,470344,27.8,3393397,60,765,2.0,1,0,49089,Salaried,Rented,3,1
61,943340,13.5,2242520,24,707,35.7,3,0,350167,Salaried,Rented,3,0
57,473677,11.3,1047730,72,575,22.1,0,1,236201,Salaried,Rented,1,1
47,1446407,11.6,2498273,60,738,31.7,0,2,252827,Self-employed,Owned,1,1
25,796978,2.2,3106544,84,734,38.2,4,2,483730,Salaried,Rented,1,1
39,831800,13.0,7675787,36,742,23.5,0,1,490597,Self-employed,Rented,1,1
32,680517,4.1,2950745,60,759,5.4,0,2,119162,Contract,Other,2,0
29,850932,5.3,6641502,84,662,54.0,1,0,328665,Self-employed,Other,1,0
27,941001,1.8,1049010,24,643,20.9,0,1,250015,Salaried,Rented,2,0
48,984316,15.4,1979661,48,835,37.9,0,1,609045,Salaried,Rented,3,0
58,399570,20.2,6169718,60,711,39.7,0,0,111114,Salaried,Rented,2,1
48,511193,7.7,1935531,84,689,21.8,1,0,219929,Self-employed,Rented,2,1
57,1465664,13.0,2328479,24,745,18.3,4,0,786091,Salaried,Rented,1,1
23,442504,0.8,5054403,60,769,16.6,2,0,26466,Self-employed,Rented,3,1
55,1196549,11.5,1460698,72,611,47.1,0,1,253657,Salaried,Rented,2,0
39,765455,11.5,505415,72,777,32.8,0,2,226427,Self-employed,Other,2,1
37,1482973,11.0,611628,24,732,16.1,3,3,494809,Self-employed,Rented,2,1
35,1098168,10.1,6949614,48,830,39.2,2,0,556636,Self-employed,Owned,3,1
32,1146961,4.3,2700416,24,670,35.4,2,1,304519,Self-employed,Rented,2,1
56,670938,13.8,1819405,24,701,28.4,1,0,160596,Salaried,Owned,2,1
49,1227462,18.4,1090777,60,797,25.8,0,2,524045,Contract,Rented,3,1
59,862661,27.7,15000000,72,578,42.5,0,0,90206,Salaried,Rented,1,1
41,626330,13.1,2994409,48,716,37.7,0,0,199798,Contract,Owned,3,0
63,433447,25.3,7560677,72,672,34.4,2,1,159037,Salaried,Rented,2,1
55,767194,21.8,2636662,60,725,22.7,0,3,84036,Salaried,Rented,2,1
33,1246418,9.1,826895,60,653,21.0,0,1,638472,Self-employed,Owned,4,1
44,926262,11.9,2963569,48,719,22.6,0,1,538922,Self-employed,Rented,2,1
51,882050,10.2,1134858,72,715,17.8,3,1,90232,Salaried,Rented,2,0
61,1283125,29.3,2795155,72,616,32.1,1,3,495811,Salaried,Rented,1,1
26,925014,3.2,976914,72,644,14.7,1,0,538527,Salaried,Rented,0,1
61,1065332,27.4,1920453,72,676,16.3,2,0,595651,Salaried,Owned,1,0
24,618068,2.4,1657855,72,703,31.8,4,0,200043,Salaried,Rented,1,1
50,679491,22.1,1124703,24,782,21.7,2,0,326242,Salaried,Owned,2,1
55,691537,14.1,2615009,48,700,41.9,0,0,373991,Salaried,Rented,1,1
38,914232,5.1,14283195,48,653,9.7,2,0,41527,Salaried,Rented,1,0
49,1193273,12.9,1593258,84,683,26.6,0,0,85041,Salaried,Rented,4,1
57,846135,22.0,1899543,36,621,36.5,3,0,506989,Salaried,Rented,1,1
55,1789776,25.9,1862436,48,628,11.7,0,1,590423,Salaried,Owned,2,1
38,919830,9.6,3556207,48,690,17.2,2,0,258899,Salaried,Other,2,1
33,1033309,6.8,1092492,84,724,40.5,1,1,186835,Salaried,Rented,2,1
54,2168805,13.8,2419894,60,756,39.5,0,0,1227781,Self-employed,Rented,2,1
52,466738,11.8,8326990,36,837,27.9,2,0,298065,Salaried,Rented,0,1
60,1517382,28.1,1877464,48,777,54.0,0,0,669745,Salaried,Rented,1,1
23,725695,2.2,2286846,36,644,19.5,1,0,75905,Salaried,Owned,2,0
60,1435827,23.2,1612927,60,704,26.4,3,0,904453,Salaried,Rented,2,1
54,802906,9.4,1531012,36,723,26.8,2,0,314613,Self-employed,Rented,1,1
52,1309318,17.4,4271389,24,749,26.1,1,0,746327,Contract,Owned,3,1
50,568252,15.7,1558348,60,801,23.8,1,0,158890,Salaried,Rented,1,1
23,1024368,1.7,3298540,60,737,39.3,3,3,139481,Salaried,Rented,0,0
25,656089,2.9,617597,48,578,27.0,0,0,138557,Salaried,Rented,3,1
60,1898560,23.5,3512794,48,820,14.1,2,0,97022,Salaried,Rented,4,1
21,736424,0.4,1146570,60,550,27.5,3,0,212190,Salaried,Owned,1,0
61,602858,13.6,3432308,24,757,23.1,2,0,359084,Salaried,Owned,1,1
57,498665,26.9,2058400,48,617,54.8,1,0,105702,Self-employed,Owned,1,1
57,844536,19.8,3180327,48,604,20.7,4,3,322817,Contract,Other,2,0
25,1275582,3.2,2262748,60,850,35.8,0,0,597723,Salaried,Owned,1,1
22,982597,1.3,1984846,48,717,51.7,0,0,35793,Self-employed,Rented,3,0
22,481756,1.1,1743163,60,632,22.4,2,0,276504,Salaried,Rented,1,0
36,788284,5.6,2893337,48,714,26.6,2,0,384555,Salaried,Owned,1,0
64,1047427,18.3,3189881,24,707,28.6,2,0,423816,Salaried,Rented,1,1
29,840748,3.8,1549367,60,669,43.5,5,0,257921,Contract,Rented,0,0
49,757847,7.6,590164,48,723,23.0,1,1,428814,Salaried,Rented,4,1
49,479717,9.9,1345336,84,767,10.3,1,1,73886,Salaried,Rented,2,0
47,920880,18.8,2831969,36,600,22.8,2,0,321917,Contract,Rented,0,1
48,1289581,20.9,3017690,36,704,38.1,1,1,412659,Self-employed,Rented,5,1
35,1182500,10.3,731047,60,761,33.5,2,0,610870,Self-employed,Owned,0,1
28,1359262,5.4,7075600,60,833,44.7,2,3,772250,Salaried,Rented,0,1
51,1020988,11.1,2158298,60,850,36.3,2,1,117802,Salaried,Owned,2,1
41,478199,6.8,5835440,48,732,33.0,4,0,102809,Self-employed,Rented,2,1
36,562518,4.9,1108128,60,780,24.3,1,0,309170,Salaried,Owned,3,1
31,1002675,4.0,5352911,72,750,8.3,4,0,504684,Self-employed,Owned,0,1
33,1035007,5.8,2461064,24,850,34.9,2,1,652571,Salaried,Owned,2,1
53,884035,10.4,1663166,36,770,24.8,0,0,162894,Salaried,Rented,2,1
38,465071,7.1,2198097,60,760,46.2,1,1,240133,Salaried,Owned,1,1
41,605314,5.9,1595322,60,626,39.8,1,0,210082,Salaried,Rented,0,0
49,565971,15.7,1234267,84,665,11.2,2,0,330488,Self-employed,Rented,0,1
51,713096,11.2,1433754,48,708,56.0,1,1,77624,Self-employed,Rented,4,0
31,1001475,6.6,1485494,84,780,75.0,0,1,94353,Salaried,Owned,2,0
37,1093383,6.0,1301971,72,774,12.0,2,2,393502,Salaried,Rented,1,0
48,550280,15.8,796941,36,733,27.6,0,0,186064,Salaried,Owned,2,1
41,1218931,6.5,3823416,48,775,24.8,2,0,53963,Salaried,Rented,1,1
43,863393,13.0,1877730,60,653,25.0,3,0,413084,Contract,Owned,1,1
57,1195558,25.1,3586424,60,723,27.0,2,1,757203,Contract,Owned,2,0
36,608811,6.5,2280938,72,772,35.7,0,0,345438,Self-employed,Rented,1,1
30,732606,2.9,1067476,36,709,20.6,1,0,309237,Salaried,Rented,2,0
58,589209,25.4,2663702,48,688,24.4,1,0,378913,Contract,Owned,3,1
38,1729110,9.2,1315286,60,729,33.7,2,0,313126,Salaried,Owned,0,0
34,1346412,6.0,978254,60,527,41.5,0,0,430095,Self-employed,Rented,1,0
51,1523276,15.6,3634217,48,687,22.1,1,0,600777,Self-employed,Owned,4,1
49,874336,10.7,3812918,72,685,24.5,1,0,468898,Salaried,Owned,1,1
38,739322,8.8,655075,36,666,36.5,2,0,84261,Salaried,Owned,2,1
41,1664138,7.0,1905348,36,541,33.1,1,0,588368,Salaried,Owned,0,1
27,1101522,3.3,1282607,48,772,34.7,3,0,618769,Salaried,Rented,1,0
56,977633,23.9,1274038,60,795,17.9,1,1,155683,Salaried,Owned,2,1
49,1192525,9.4,7004849,84,783,47.2,3,0,166069,Self-employed,Rented,1,1
36,936505,9.3,1214919,36,628,22.6,0,1,392578,Self-employed,Rented,0,1
54,1296791,22.1,1825151,84,610,23.1,2,0,613418,Salaried,Rented,3,0
45,678436,12.4,2261487,60,838,3.2,0,0,343042,Contract,Owned,0,1
56,508561,9.9,1443474,48,772,30.3,2,0,22986,Self-employed,Other,1,1
47,792335,17.7,1407127,72,492,27.0,2,1,73304,Salaried,Rented,0,0
41,433021,6.6,2769035,72,651,24.2,1,1,135008,Self-employed,Rented,4,0
27,724824,2.5,4672359,48,628,45.0,1,0,234976,Salaried,Rented,0,0
59,1708230,10.6,1645676,48,600,27.9,3,0,90876,Salaried,Owned,1,1
63,445909,24.5,993536,84,686,11.7,1,0,136584,Self-employed,Rented,3,1
45,730843,17.9,5770086,60,658,43.1,0,0,47539,Salaried,Rented,1,1
47,507297,10.9,1504845,36,677,38.0,1,3,149026,Salaried,Rented,0,0
42,600698,12.8,2090584,36,615,26.1,0,0,334148,Salaried,Owned,0,0
31,1096651,7.0,1319165,36,760,38.3,2,2,136678,Self-employed,Other,2,0
45,619533,18.1,3586489,60,581,14.6,1,1,84261,Salaried,Owned,4,1
63,1211414,32.2,5039013,24,703,37.2,2,0,165285,Contract,Rented,2,1
38,2026678,12.9,1857872,60,618,4.7,2,0,1046662,Salaried,Owned,1,1
57,898858,15.3,3407685,24,695,48.6,2,1,455303,Salaried,Owned,3,0
62,722743,24.7,2246233,36,678,42.0,1,0,324189,Salaried,Owned,4,1
55,1200708,17.9,607490,72,688,38.9,4,2,238853,Self-employed,Rented,3,1
42,582028,8.6,1432032,36,556,38.6,1,0,359748,Self-employed,Owned,1,1
62,2259107,28.4,966158,72,703,17.5,2,2,442788,Salaried,Rented,0,1
48,1189501,9.9,3862989,60,748,51.2,2,0,220967,Salaried,Owned,1,0
28,613444,2.1,1329844,84,632,40.0,3,1,210684,Salaried,Other,1,0
21,421808,0.6,947035,36,669,31.0,1,2,104803,Self-employed,Owned,1,1
54,1017136,15.1,2516327,60,684,15.6,2,0,203765,Salaried,Rented,2,1
29,893766,3.9,1724684,60,643,38.6,1,0,80090,Salaried,Rented,0,1
62,822833,16.0,1991796,60,777,22.8,1,0,263985,Salaried,Owned,2,1
26,1014034,2.0,3402091,60,764,45.8,1,0,194625,Salaried,Rented,2,1
46,868155,9.5,2410339,60,703,49.7,0,1,120127,Salaried,Owned,3,0
46,962949,7.4,1799616,60,718,33.1,2,1,275950,Salaried,Rented,2,0
59,578886,25.0,1740578,36,791,5.6,0,0,213304,Salaried,Rented,1,1
25,774985,3.2,1210773,24,555,40.8,0,0,450519,Salaried,Rented,1,1
23,728842,1.8,3737474,60,587,27.0,0,0,145474,Salaried,Rented,1,0
30,388773,6.8,1154893,72,699,26.0,0,2,233943,Salaried,Rented,1,0
60,738993,17.5,782713,60,784,33.1,3,1,327715,Self-employed,Rented,2,1
29,862225,2.5,1020142,48,627,26.5,3,0,404456,Self-employed,Rented,2,0
21,1628952,0.6,4260242,60,615,26.7,0,0,623049,Salaried,Rented,3,1
52,869424,19.7,7929815,84,655,51.9,1,0,332528,Contract,Rented,2,0
37,1857560,8.3,6329890,72,617,27.3,1,1,831982,Salaried,Owned,1,1
25,758728,1.6,3142765,24,756,47.8,2,0,144770,Salaried,Rented,3,1
41,927697,10.7,2021387,60,843,19.1,1,0,460823,Salaried,Other,0,1
25,616969,3.5,4754028,72,612,46.2,3,0,116902,Self-employed,Owned,1,0
34,655487,9.8,7827685,36,739,31.0,1,0,150840,Self-employed,Rented,3,1
49,805500,13.5,2784122,48,816,21.4,1,1,370111,Self-employed,Owned,3,0
32,1128332,7.6,4405215,48,648,14.0,0,1,201960,Salaried,Owned,2,0
43,707848,13.6,2657966,84,779,43.7,0,0,141737,Self-employed,Owned,3,1
32,581724,4.2,1008826,72,742,26.0,0,0,291699,Salaried,Other,1,1
42,1474041,7.6,4418821,48,729,19.4,3,1,912438,Salaried,Rented,1,1
39,533784,9.2,2731031,72,747,38.2,2,0,260253,Salaried,Rented,0,0
49,1635116,12.7,2860147,60,717,40.0,0,0,268696,Salaried,Rented,2,1
46,909273,9.7,1634702,36,687,25.9,3,0,465794,Salaried,Owned,1,1
34,957789,9.0,1431800,36,836,22.1,1,2,463316,Contract,Rented,2,1
62,608137,21.0,3217226,36,606,21.5,0,0,180395,Salaried,Rented,1,1
41,2201661,14.8,1272612,24,696,23.5,1,1,174373,Salaried,Rented,1,0
65,1491476,25.4,4013053,60,638,6.8,1,2,385998,Self-employed,Rented,2,1
28,882423,2.3,6951920,36,583,3.2,1,1,36549,Self-employed,Other,1,0
40,800009,6.3,2038448,60,725,23.3,0,0,345103,Salaried,Other,3,1
32,1153538,3.1,5559079,84,751,53.5,0,1,113267,Salaried,Rented,5,0
25,1436032,3.0,1653735,48,725,62.2,1,2,688869,Salaried,Rented,0,0
60,1169837,11.6,1339228,84,779,21.5,2,1,322573,Salaried,Rented,1,1
48,1101161,12.0,983260,36,715,30.0,3,1,371352,Self-employed,Rented,2,1
53,803910,16.9,6603504,60,738,30.4,2,1,303983,Salaried,Rented,2,1
36,686345,4.8,1910154,48,850,57.0,3,0,421223,Salaried,Owned,1,1
53,887650,24.2,880308,84,738,37.3,0,1,250230,Salaried,Rented,2,1
59,1290746,23.5,1696469,48,624,20.6,1,0,205002,Salaried,Rented,0,1
58,666212,18.2,3380486,60,684,13.7,1,0,178215,Self-employed,Owned,5,1
63,720733,11.0,2587280,84,696,32.6,3,1,432135,Salaried,Rented,6,0
47,514807,17.8,1358900,84,761,55.3,1,3,204489,Salaried,Rented,0,0
56,1023704,12.2,12393549,72,822,22.6,0,0,218121,Salaried,Owned,0,1
43,779265,7.9,4313783,60,718,32.9,2,2,409212,Self-employed,Owned,2,0
21,1747687,0.5,1810955,84,606,46.3,1,0,760596,Salaried,Rented,4,1
61,727773,12.1,2364472,72,734,19.2,1,1,102701,Self-employed,Rented,3,1
37,1020157,9.0,1043188,72,678,52.5,0,0,550129,Salaried,Owned,1,1
61,964501,15.1,2119179,72,849,33.7,2,1,128443,Self-employed,Owned,0,1
37,738355,5.9,7649946,60,615,37.1,0,0,479715,Salaried,Rented,1,0
21,584376,0.4,6016431,36,757,27.0,3,2,355118,Salaried,Rented,2,0
30,620444,7.1,1509063,36,663,12.0,2,0,33329,Salaried,Owned,0,1
55,1161378,12.0,2534171,48,677,48.0,3,0,124161,Salaried,Owned,2,1
25,544851,3.7,2616063,84,736,32.6,1,1,231156,Salaried,Owned,2,0
62,973838,30.6,4152327,72,776,26.1,1,0,552374,Salaried,Owned,2,1
42,1106384,15.5,1462534,60,640,7.7,1,0,481554,Self-employed,Owned,1,1
45,711895,13.0,351666,72,686,46.8,0,1,187931,Salaried,Rented,1,0
53,329930,23.6,1581654,60,713,36.9,3,0,213239,Salaried,Rented,2,1
64,1173764,23.7,1021603,24,718,26.5,1,0,576029,Salaried,Rented,0,1
35,851496,8.8,2122200,60,701,42.3,1,1,386910,Salaried,Owned,1,0
36,977440,11.7,1011496,84,554,16.7,0,1,96467,Contract,Owned,1,1
41,719653,5.6,1170890,72,750,19.7,4,2,49038,Salaried,Owned,0,0
24,744978,1.5,2453372,60,627,23.2,3,0,125138,Salaried,Other,1,1
30,1127282,6.5,1985051,48,554,22.5,1,0,271500,Self-employed,Rented,3,0
36,1219353,4.7,1150750,24,653,25.6,0,0,503197,Salaried,Owned,0,0
58,659862,24.1,2337827,60,708,11.1,1,0,32782,Salaried,Owned,1,1
42,1030170,12.0,2087990,60,702,23.6,3,0,416161,Self-employed,Owned,0,0
49,974347,7.9,948523,84,610,11.6,0,2,171268,Self-employed,Rented,1,0
54,1507546,19.8,3951808,84,745,28.9,2,0,594593,Salaried,Owned,2,1
22,452085,0.6,2396117,84,672,21.5,2,0,42100,Salaried,Owned,0,0
43,479506,9.9,2807626,60,661,55.0,1,1,219799,Contract,Rented,2,0
41,557217,7.2,1762767,60,545,40.4,0,0,25145,Self-employed,Owned,4,1
57,1343275,10.1,869280,72,705,35.4,2,2,615705,Salaried,Rented,0,1
34,2001990,7.6,378396,48,719,50.2,2,0,387824,Self-employed,Rented,1,1
53,1110666,13.6,3715172,60,611,10.7,0,0,567659,Self-employed,Owned,1,1
25,1223096,3.6,4625845,36,638,44.4,1,1,643020,Salaried,Owned,1,0
51,1052406,12.4,2122671,48,850,21.6,0,1,631514,Salaried,Rented,2,1
55,648442,24.9,1271519,48,788,22.9,1,0,328933,Salaried,Owned,2,1
55,1059382,21.8,3191139,36,558,20.0,3,1,404770,Contract,Owned,1,1
37,1247713,5.2,4105582,36,694,31.3,1,0,430572,Self-employed,Other,0,0
44,1133204,6.6,1347627,48,780,32.8,1,0,141911,Self-employed,Rented,3,1
41,317774,10.5,1139783,60,685,38.5,0,1,73938,Salaried,Rented,1,0
26,639752,3.0,4010898,60,739,34.8,2,2,42022,Salaried,Rented,0,0
49,1074858,19.9,1544837,48,770,14.2,0,0,75681,Salaried,Rented,1,1
46,350737,13.1,1297695,60,625,44.8,2,1,121998,Salaried,Rented,1,0
50,1387161,10.3,1739506,60,665,29.6,3,0,613739,Salaried,Owned,0,0
64,757414,20.8,1669868,72,589,8.9,2,0,318096,Salaried,Rented,0,1
49,415314,14.1,2817156,24,633,40.3,1,1,93124,Contract,Owned,1,0
45,1362240,11.6,1298389,72,650,25.6,0,0,434983,Salaried,Rented,2,1
63,1177053,10.8,4477935,36,750,28.4,0,0,446056,Salaried,Rented,1,1
56,737880,9.3,628263,48,678,38.3,2,0,418089,Salaried,Owned,2,1
33,363740,3.6,919022,84,700,6.9,1,0,97130,Salaried,Rented,2,1
46,629111,12.3,2770471,48,737,45.7,3,0,297372,Salaried,Rented,1,1
63,952254,11.7,5474611,36,637,33.1,3,1,131179,Salaried,Rented,3,1
30,1110205,2.5,2000391,72,704,24.0,4,1,534806,Salaried,Rented,0,1
33,560336,3.3,3401626,36,707,41.8,0,1,190725,Salaried,Owned,1,0
55,1128937,24.8,2715139,24,659,2.0,0,0,486054,Salaried,Owned,2,1
59,1480236,18.7,718036,72,809,37.4,2,1,393066,Self-employed,Rented,2,1
31,704507,7.2,974758,60,679,22.8,3,1,113376,Salaried,Rented,2,0
54,647204,12.9,4845034,36,649,19.2,7,0,298058,Salaried,Rented,3,0
54,519918,19.7,5361180,60,709,40.0,2,0,184875,Self-employed,Rented,2,1
41,746784,10.6,1246534,24,740,44.8,4,1,315194,Salaried,Rented,1,1
37,2608462,4.6,1311658,60,837,26.8,3,0,1520370,Self-employed,Owned,1,0
24,883234,1.1,2955095,72,823,23.2,1,0,36300,Salaried,Owned,3,1
58,956875,22.2,2904503,60,825,52.8,1,0,186978,Salaried,Owned,0,0
52,990525,15.0,6479654,60,672,49.7,2,0,226155,Salaried,Rented,0,1
52,614069,19.5,2066439,72,778,34.1,2,2,146226,Salaried,Rented,1,1
42,1117218,13.4,2023962,60,705,12.9,0,0,379081,Salaried,Rented,0,1
27,914218,4.2,1955965,60,642,33.8,1,2,470039,Salaried,Rented,0,0
48,780766,17.7,803726,84,655,27.4,0,1,61705,Self-employed,Owned,2,1
52,469642,23.5,1000354,60,749,33.4,2,1,249947,Salaried,Other,0,1
58,1083061,22.7,2967382,60,714,34.4,1,1,123058,Salaried,Owned,0,1
49,763950,13.6,2466775,60,647,32.0,0,2,327441,Salaried,Rented,2,0
46,1121618,16.9,1760143,60,719,33.7,2,0,163261,Salaried,Owned,2,1
35,1297394,5.4,3226092,48,731,37.9,2,0,802419,Contract,Rented,3,0
43,1512364,6.0,711672,24,778,35.6,1,1,848688,Salaried,Owned,3,1
59,936673,25.5,3926481,24,792,34.4,6,0,172841,Contract,Rented,1,1
25,941223,3.0,2973702,84,672,50.8,1,0,99345,Salaried,Owned,4,0
49,770422,16.1,1687078,60,628,19.7,2,2,458605,Salaried,Rented,3,0
32,1662611,8.4,1386015,60,655,12.5,3,0,157262,Salaried,Rented,0,1
29,959242,3.2,1035330,36,702,12.6,4,0,87976,Salaried,Rented,1,1
44,1010468,11.3,1359710,48,729,2.8,1,1,98469,Salaried,Rented,3,1
32,1064700,3.2,960033,48,626,26.8,3,1,305992,Self-employed,Owned,1,1
42,1055789,13.5,1527532,48,688,25.6,2,0,453152,Self-employed,Other,2,1
57,801897,27.5,2688346,36,713,23.2,0,1,339680,Salaried,Rented,2,1
41,1433237,7.1,5817350,24,750,48.7,0,1,571321,Salaried,Rented,2,1
30,1106706,5.6,5328266,48,732,41.3,1,0,393160,Salaried,Owned,1,1
44,1084592,9.6,2442357,60,766,14.0,2,2,489074,Self-employed,Owned,0,0
23,1261447,2.2,3367632,84,730,2.0,0,0,801469,Salaried,Rented,1,1
51,1217146,10.6,1834610,48,595,45.9,1,0,43146,Salaried,Rented,3,1
30,902371,6.8,1796050,72,616,18.3,1,1,309288,Salaried,Rented,0,1
50,1624654,11.9,832106,60,777,13.0,0,0,902528,Salaried,Owned,3,1
27,989697,2.5,1439824,84,649,21.6,5,1,152895,Self-employed,Owned,1,0
46,1344446,7.6,4100335,48,691,39.5,0,0,492763,Salaried,Owned,1,0
65,1096517,32.0,3789649,36,645,8.0,0,1,557585,Salaried,Rented,1,1
54,1168871,21.4,1709699,72,683,30.0,1,1,601028,Contract,Owned,3,1
62,1413155,17.3,1271184,60,606,34.0,0,0,481486,Salaried,Owned,1,1
62,894980,11.4,2196597,72,786,32.5,1,1,226022,Salaried,Rented,2,0
46,1026701,12.0,1529034,72,688,57.5,0,1,245602,Salaried,Rented,1,0
64,703997,27.5,1296043,36,788,32.6,0,0,83287,Salaried,Owned,2,1
39,1923230,8.3,2796416,24,772,33.0,2,0,477793,Salaried,Rented,3,0
44,881362,8.7,4724039,36,829,45.0,4,1,509940,Self-employed,Owned,3,0
48,640502,16.0,3547495,36,727,34.3,2,0,127965,Salaried,Rented,2,1
42,857451,14.5,2286731,72,765,34.1,3,1,369159,Salaried,Owned,1,1
60,527792,17.9,5046915,60,686,45.2,2,2,127858,Salaried,Rented,5,0
26,637843,2.4,1650734,72,644,45.2,4,0,227414,Salaried,Rented,0,0
63,1147154,25.1,3640085,48,757,30.1,2,2,629291,Salaried,Owned,2,1
51,916117,10.1,785642,60,703,13.6,0,0,312018,Salaried,Rented,2,0
50,838630,17.2,1263342,84,600,17.3,0,1,296406,Salaried,Rented,2,1
27,648131,4.6,3048270,36,619,22.4,3,1,320274,Self-employed,Rented,1,1
54,1671698,25.4,3557416,36,718,25.6,2,0,61392,Salaried,Rented,1,1
61,819917,26.1,3169255,48,657,39.2,2,1,119796,Salaried,Rented,1,0
39,448212,11.1,1894575,36,592,29.7,0,1,289061,Salaried,Rented,1,0
60,736441,16.5,3084468,48,651,20.3,1,0,433353,Salaried,Rented,4,1
28,993505,5.5,1297391,36,691,32.6,1,0,478598,Self-employed,Other,2,1
47,1544797,17.0,2287111,48,714,18.8,2,0,280015,Contract,Owned,0,1
36,1524259,6.6,2791931,60,534,42.9,4,1,674855,Salaried,Owned,1,0
34,733654,6.0,5083573,48,846,14.9,1,1,211140,Salaried,Owned,2,1
55,1151484,11.9,1019357,48,679,41.8,0,0,419687,Salaried,Owned,1,1
25,785078,3.3,888522,36,648,16.6,3,2,116408,Salaried,Owned,4,0
64,1710017,31.4,4140580,72,648,22.1,4,1,86319,Salaried,Owned,0,1
63,1117069,25.0,1849714,48,784,11.2,2,3,265924,Salaried,Rented,2,1
42,741035,15.2,2869142,84,630,34.8,3,1,391966,Self-employed,Owned,1,0
49,940825,19.5,3731249,36,778,16.6,1,3,570897,Self-employed,Owned,0,1
52,2113435,16.5,1062939,60,733,7.5,1,1,1008294,Salaried,Owned,1,1
30,577963,2.8,622927,48,843,5.6,0,0,325800,Self-employed,Rented,0,1
52,1412112,14.4,3482855,84,739,32.1,2,1,603867,Salaried,Rented,1,1
36,544558,4.9,1380545,60,686,14.7,2,1,278088,Salaried,Rented,6,1
57,1284724,20.6,3189700,84,647,47.6,1,2,479700,Salaried,Owned,1,0
58,708205,16.0,2489158,48,727,16.2,1,1,104208,Salaried,Owned,1,1
28,1077590,4.0,1043336,48,728,26.7,1,0,236369,Self-employed,Rented,1,1
36,554162,9.6,2270213,48,652,33.9,2,1,175563,Self-employed,Rented,1,1
29,823086,4.2,2313779,36,690,40.0,1,0,360246,Self-employed,Owned,0,1
27,974473,3.9,4617171,48,822,37.0,6,1,355505,Self-employed,Owned,4,0
42,1327273,7.1,1673796,84,806,43.5,4,1,649290,Salaried,Rented,1,1
65,1300939,31.7,1055960,60,850,38.3,2,1,332601,Salaried,Rented,0,1
60,1120659,10.4,4499484,24,673,16.5,2,0,241667,Salaried,Owned,0,1
26,804736,3.4,2314865,48,433,23.6,3,0,87746,Self-employed,Owned,1,0
55,567633,12.5,819731,48,603,48.3,1,1,32914,Salaried,Rented,3,0
65,679103,13.3,1966030,60,691,19.3,2,1,271642,Salaried,Owned,4,0
35,1140776,9.9,2907608,48,627,22.7,2,1,130961,Salaried,Owned,0,0
22,809597,0.7,4156508,24,785,35.6,3,1,462381,Contract,Rented,3,0
31,855667,8.2,672220,36,577,24.9,2,4,126569,Salaried,Owned,1,0
44,988768,17.9,2011321,60,714,35.7,1,1,591429,Salaried,Rented,1,1
30,1552216,5.2,6246348,60,711,31.4,2,0,93412,Self-employed,Rented,2,1
65,1627593,31.8,3064679,48,739,26.0,0,0,936031,Salaried,Owned,0,1
53,1960315,10.8,1528042,48,762,25.8,5,0,1220494,Self-employed,Owned,0,1
65,761662,17.7,1944597,72,742,51.9,1,1,338579,Salaried,Owned,2,1
63,777279,31.7,3371873,60,705,45.2,2,0,437191,Salaried,Other,1,1
52,1100765,19.3,4111099,60,666,16.7,0,0,471766,Salaried,Rented,4,1
59,1574446,23.7,1747174,36,667,19.4,1,2,191642,Salaried,Rented,2,1
32,1011300,4.7,1797369,72,719,42.3,1,2,388801,Salaried,Owned,1,0
22,827294,1.1,3127885,60,639,41.4,2,2,353471,Salaried,Rented,0,0
54,814060,12.0,880095,72,832,36.3,1,1,62128,Self-employed,Owned,2,1
51,1013044,12.4,3133721,72,696,23.8,1,1,110590,Self-employed,Rented,2,0
62,911848,15.5,2627453,36,680,17.8,2,0,434870,Salaried,Other,0,1
29,1011327,5.5,2082636,48,605,22.2,1,1,99441,Self-employed,Owned,2,1
35,465052,4.3,1809852,24,694,42.9,3,1,14872,Contract,Owned,0,0
34,403590,8.7,6116042,60,650,28.5,1,1,17403,Salaried,Rented,2,1
32,821705,6.9,3428520,60,738,15.2,4,1,390648,Salaried,Owned,1,1
50,1048472,16.2,1538690,60,761,32.9,3,4,410816,Salaried,Rented,4,1
42,1291855,9.9,1317096,72,694,38.5,1,2,436230,Self-employed,Owned,1,1
27,961978,5.0,1242024,84,716,45.9,3,2,253096,Salaried,Owned,1,0
45,747264,14.0,2434785,36,815,29.8,1,1,480889,Salaried,Other,1,0
43,643292,12.6,3823820,60,570,35.0,3,1,20208,Salaried,Other,0,0
59,966735,11.8,1423461,48,850,34.2,1,0,459998,Salaried,Rented,2,1
32,642304,4.6,1475497,48,702,44.1,2,0,385977,Self-employed,Owned,0,1
55,1000947,25.7,1723354,72,742,25.7,2,0,373459,Salaried,Other,1,1
53,648435,12.0,1467931,60,693,27.4,2,0,228262,Self-employed,Rented,1,0
46,1120771,17.1,3027329,60,510,18.5,2,0,547265,Salaried,Rented,0,1
31,1201581,7.7,2501110,48,753,38.9,3,0,539400,Salaried,Owned,1,0
58,1424748,11.6,2396925,72,688,53.6,2,1,200322,Salaried,Owned,2,1
55,3082477,15.8,1557209,72,738,49.4,2,3,922826,Salaried,Rented,1,0
60,799586,16.5,2241757,36,645,52.7,3,0,345626,Salaried,Owned,2,1
52,1077050,13.8,1860505,60,683,45.3,0,1,145347,Self-employed,Owned,1,0
44,1556610,6.9,9251222,60,648,15.4,0,1,383121,Contract,Rented,3,0
30,707022,6.6,1454546,36,757,32.9,1,1,90507,Contract,Rented,0,0
41,749726,15.1,1220855,72,824,37.6,0,1,30033,Contract,Rented,3,1
61,1294854,17.4,1957713,36,850,33.9,1,0,174437,Salaried,Owned,3,0
42,2589852,8.5,3373883,72,647,28.6,0,1,853578,Self-employed,Owned,0,1
60,1520483,25.6,4585491,36,635,28.1,2,2,392094,Self-employed,Owned,1,1
45,1153761,12.6,488250,60,679,32.8,1,3,87179,Salaried,Owned,2,0
32,652217,7.6,2937130,60,744,60.9,1,0,81853,Salaried,Rented,1,1
62,802078,16.0,2087199,60,625,41.9,2,0,152171,Self-employed,Owned,5,1
40,1083774,9.3,1588223,72,699,9.0,0,0,500724,Self-employed,Rented,2,1
22,1293351,1.1,2500189,72,654,40.3,1,0,167226,Salaried,Owned,3,0
35,1073588,6.1,1790002,72,662,31.1,2,0,607044,Salaried,Rented,0,1
42,1315494,6.9,903038,60,660,11.0,0,1,446668,Self-employed,Owned,2,1
59,612568,26.1,941746,60,816,25.7,0,0,253292,Salaried,Rented,2,1
52,773005,12.4,3654213,36,701,7.1,0,0,75373,Salaried,Owned,5,1
57,368149,21.1,1035274,60,693,28.1,2,2,28575,Self-employed,Owned,1,1
47,1348074,9.5,3587560,36,713,24.5,2,1,173987,Salaried,Other,1,1
49,394822,13.5,991223,36,713,15.4,1,0,92792,Self-employed,Rented,3,1
47,725598,12.7,1213068,24,647,53.2,2,0,435682,Contract,Owned,2,0
21,1392759,0.6,8163689,72,646,22.9,1,0,293096,Salaried,Owned,1,0
41,1948124,8.4,3160233,24,650,42.1,1,0,122574,Salaried,Rented,0,1
54,936560,16.7,4155300,72,799,30.1,0,3,51833,Salaried,Owned,1,1
55,702934,15.8,4196567,60,549,41.6,1,1,65879,Self-employed,Owned,1,1
45,1278276,8.2,1859175,60,716,27.6,2,1,157412,Salaried,Owned,0,0
58,1703169,18.0,5442840,72,618,20.5,1,1,184056,Self-employed,Owned,1,1
46,1322579,10.7,4200660,60,618,53.4,0,1,556564,Salaried,Owned,2,0
53,693339,18.2,1935060,48,649,31.6,1,1,84772,Salaried,Rented,0,1
27,1536048,4.6,2075728,60,694,35.9,0,1,631223,Salaried,Rented,2,1
27,1082903,2.7,3215708,72,668,29.6,1,0,257825,Salaried,Rented,1,1
39,1258920,10.1,4227123,36,601,29.4,2,0,812557,Salaried,Owned,0,0
53,688400,8.4,6657969,60,645,39.3,1,1,366706,Contract,Rented,3,1
22,1795519,0.9,1164579,60,629,30.4,2,0,136154,Salaried,Rented,2,1
41,1795845,15.5,7320483,60,782,44.7,4,0,379100,Salaried,Rented,0,1
28,494677,2.5,3769777,72,709,21.6,2,0,164313,Salaried,Owned,3,1
21,1712568,0.3,1224939,72,745,44.5,2,1,840618,Self-employed,Rented,2,1
32,1218050,5.2,728779,24,638,37.2,2,0,49024,Salaried,Owned,2,1
28,856490,4.3,1135502,60,770,24.7,0,0,238182,Self-employed,Owned,2,1
26,794990,4.2,2853240,84,770,21.8,3,0,266651,Salaried,Rented,3,1
30,1181820,3.7,2781721,48,696,29.0,3,1,584047,Self-employed,Owned,2,0
24,393285,1.7,548847,60,838,38.0,2,1,77794,Salaried,Rented,0,1
56,593526,14.8,877124,36,615,39.0,0,0,226680,Salaried,Owned,2,0
26,401293,4.0,1909148,72,837,26.3,3,0,172625,Self-employed,Owned,1,0
46,427160,16.9,1397014,48,776,35.7,1,1,79636,Contract,Owned,1,1
57,998605,16.2,2682865,60,666,41.1,1,0,456676,Salaried,Rented,1,1
64,593632,28.4,3620992,72,714,23.3,2,0,202459,Salaried,Owned,2,1
48,775689,7.3,1490556,72,611,53.4,3,0,44217,Self-employed,Owned,2,0
36,1344182,8.7,3326755,84,773,19.0,0,1,271486,Contract,Rented,2,1
64,824841,14.1,2900592,36,572,40.3,1,0,501082,Salaried,Owned,2,0
33,471092,9.7,1618400,60,653,34.6,2,1,93224,Contract,Rented,2,0
62,1035748,14.5,3577440,72,711,33.2,2,0,491077,Self-employed,Owned,3,1
65,1111528,26.1,889278,84,733,41.1,1,0,504878,Salaried,Owned,0,1
55,1432170,16.9,5547319,36,785,31.6,0,0,134364,Self-employed,Rented,3,1
24,1125373,1.4,1497175,72,571,55.6,1,0,241205,Salaried,Owned,4,0
53,2074854,21.9,3384177,48,607,23.4,2,1,510129,Salaried,Other,1,1
51,1405583,7.8,2834539,60,580,36.8,1,0,884435,Salaried,Rented,1,0
55,690378,16.6,1170376,48,702,36.6,1,0,214536,Salaried,Rented,0,1
51,1738436,14.6,3604615,60,720,25.4,2,0,233594,Salaried,Rented,3,1
44,1371180,12.5,2056115,60,701,14.9,4,1,799695,Self-employed,Owned,3,1
44,1098762,6.6,5778461,60,722,30.4,0,0,119706,Salaried,Rented,0,1
30,563090,3.0,6866396,24,674,28.4,1,1,169936,Self-employed,Rented,0,0
55,1302943,23.1,1509566,60,804,19.7,2,3,209974,Salaried,Owned,1,1
43,1521840,6.1,3192843,36,709,26.1,2,0,376377,Self-employed,Owned,0,1
44,1366357,10.2,1911219,60,649,29.3,2,0,152360,Contract,Owned,2,0
38,887498,6.5,1518213,48,696,17.9,1,0,246725,Salaried,Rented,0,0
37,1422902,4.6,3154106,24,666,37.6,0,0,726136,Salaried,Owned,1,0
40,681083,13.7,1848112,72,748,10.2,0,1,136692,Salaried,Rented,2,1
58,1195604,18.2,4071019,72,726,43.1,4,1,168743,Self-employed,Other,2,1
65,678197,31.2,2101640,60,822,39.7,0,1,124605,Self-employed,Owned,1,1
37,711940,9.8,1015442,48,642,22.1,1,0,341290,Contract,Owned,2,1
33,783452,3.6,1757567,60,647,34.3,0,1,454182,Salaried,Rented,2,1
26,1212415,3.0,2330752,84,748,25.1,0,0,320058,Salaried,Rented,1,1
29,1065314,6.5,9320193,72,795,34.8,3,0,57884,Salaried,Owned,0,0
64,592619,14.0,1780861,84,633,45.9,1,0,264828,Self-employed,Owned,2,1
27,523164,5.0,2819033,60,599,32.3,0,0,330898,Salaried,Rented,0,0
46,1378460,14.3,5186346,60,623,24.2,1,0,297431,Salaried,Owned,1,1
32,1157922,3.3,3413142,72,718,38.9,1,0,356852,Salaried,Rented,1,1
39,280363,8.7,651151,60,637,18.7,1,0,71427,Contract,Owned,1,1
49,1781005,10.6,5033817,36,765,60.1,2,1,865127,Self-employed,Rented,1,1
63,736878,20.7,985231,48,791,57.7,2,0,272603,Salaried,Rented,2,1
55,771109,22.1,4498651,48,836,19.2,2,0,26740,Salaried,Rented,3,1
65,1286499,20.0,1528406,36,710,16.8,2,0,318040,Salaried,Rented,1,1
40,559809,13.7,1539927,72,850,34.7,1,1,63669,Salaried,Owned,0,1
25,561286,2.1,783484,60,704,19.7,2,2,295491,Self-employed,Rented,5,0
25,669506,1.7,1469301,72,750,19.1,1,3,94838,Contract,Rented,4,1
30,734713,2.8,2265007,60,678,37.2,3,0,45408,Self-employed,Rented,1,0
54,543682,24.2,1741474,60,636,25.2,5,3,257986,Salaried,Owned,1,1
44,941718,6.7,3312804,72,707,25.9,1,0,481116,Salaried,Owned,1,1
62,806375,22.3,1314744,60,687,14.1,1,0,37105,Salaried,Owned,2,1
44,684729,10.8,4877992,48,732,32.3,3,0,40401,Salaried,Owned,0,0
29,621329,6.6,842748,60,762,20.5,0,0,144325,Self-employed,Owned,3,1
56,380022,20.4,3562363,24,681,16.6,0,1,145887,Salaried,Rented,4,1
46,897733,18.8,2913851,60,746,46.5,2,1,246631,Self-employed,Rented,1,1
60,477201,20.8,3379478,72,628,29.6,4,0,26853,Salaried,Rented,0,0
46,689363,18.0,1678487,24,740,29.4,0,2,394461,Salaried,Rented,1,1
23,1751561,2.2,2242356,60,731,31.2,3,0,462195,Salaried,Owned,2,0
62,604907,20.9,1542521,24,721,31.6,6,0,121536,Salaried,Owned,1,1
52,632746,14.1,1663453,60,785,32.2,1,1,28692,Salaried,Other,1,1
59,780188,25.2,2063770,36,682,28.3,1,1,377781,Contract,Other,0,1
54,442818,11.6,1151088,84,737,47.9,1,1,37387,Salaried,Owned,4,1
53,887242,22.2,1022539,48,799,32.2,2,0,569729,Salaried,Rented,1,1
40,970595,9.5,1554803,60,780,49.2,1,0,580528,Salaried,Owned,0,1
29,1665027,4.4,1464451,36,700,8.6,1,0,700709,Salaried,Owned,0,1
63,662523,15.1,4078056,36,702,6.8,3,1,188542,Salaried,Other,1,1
54,919892,16.0,2030723,48,743,33.1,1,1,164673,Salaried,Rented,0,1
49,368190,17.2,1185826,36,799,38.1,1,2,233789,Salaried,Rented,2,0
55,1073668,9.1,579252,72,644,24.0,0,2,200910,Salaried,Rented,1,1
50,526057,22.2,1354972,72,707,25.6,0,0,55177,Salaried,Rented,3,1
56,1457507,13.5,1532283,36,630,53.4,2,0,197549,Salaried,Rented,1,1
28,1552274,4.4,5431661,84,769,26.6,0,0,605739,Salaried,Owned,0,1
25,593804,3.0,998965,60,750,30.1,0,0,346901,Self-employed,Owned,0,1
23,573707,1.3,1788515,60,773,46.2,1,1,275848,Self-employed,Owned,3,0
57,751512,9.5,1749014,60,635,49.1,2,0,56497,Contract,Owned,2,0
42,767761,12.4,1250986,84,748,30.9,1,1,287762,Salaried,Rented,3,1
40,1757810,7.2,584292,48,850,24.5,2,1,613286,Salaried,Rented,1,1
22,710474,1.5,2850193,36,693,52.6,2,1,439769,Salaried,Rented,1,0
47,1422149,9.9,1433069,48,697,27.2,2,0,71131,Contract,Rented,1,1
59,857201,17.0,2912803,84,637,32.6,3,0,38635,Salaried,Rented,0,0
61,347121,11.5,1846079,72,695,20.0,1,1,47510,Contract,Rented,1,1
50,1076962,9.5,984671,72,700,30.7,1,0,647615,Salaried,Owned,3,1
22,1386575,1.1,2273417,72,718,47.6,3,2,884364,Salaried,Owned,3,0
62,752255,16.1,2610719,60,624,35.3,1,2,195772,Self-employed,Owned,0,0
31,1189725,4.3,1392352,72,746,16.6,0,0,232660,Salaried,Rented,3,1
21,2741259,0.6,2115147,48,726,39.0,2,1,906279,Self-employed,Owned,1,0
61,569619,27.3,1082872,60,850,53.4,3,0,115248,Self-employed,Rented,4,1
48,827819,15.7,2021503,60,639,25.9,0,1,58436,Salaried,Rented,1,1
47,747145,11.6,1149392,48,757,28.8,0,1,257906,Salaried,Other,4,1
42,817686,7.3,2678017,60,746,24.2,1,1,467400,Self-employed,Owned,0,1
40,2102021,8.9,2113276,60,757,48.2,0,0,983049,Self-employed,Rented,1,1
34,957816,7.6,2725255,48,737,58.8,0,1,533664,Self-employed,Owned,1,0
58,516169,16.3,1499624,24,642,32.2,2,0,316708,Salaried,Owned,0,1
51,605510,17.8,2852425,60,662,9.7,3,1,329246,Self-employed,Rented,3,0
32,789450,4.6,4127230,60,773,41.8,2,0,145503,Salaried,Owned,0,0
47,996515,11.3,1083626,60,759,33.5,1,2,329744,Salaried,Rented,1,1
47,1061783,16.5,1120716,72,724,23.3,0,0,557079,Self-employed,Rented,2,1
65,547450,33.3,3280847,72,697,35.2,1,1,334178,Salaried,Rented,3,1
60,1540329,17.5,1364869,60,647,29.4,4,1,195097,Self-employed,Owned,2,1
54,1037183,23.8,8410291,60,645,27.3,2,1,552988,Salaried,Other,1,1
25,1358715,2.6,510219,48,635,24.2,0,3,124406,Salaried,Rented,1,1
28,827353,5.7,1492135,48,744,17.0,0,2,345584,Salaried,Owned,2,1
28,533781,2.4,2612600,60,675,25.3,0,0,259496,Contract,Owned,2,1
62,860994,15.3,2055856,72,674,34.0,0,1,545686,Salaried,Owned,1,1
63,704800,15.3,3667460,24,829,26.5,1,0,199450,Salaried,Owned,0,0
50,698031,20.1,1752680,36,668,30.3,0,1,213628,Salaried,Rented,3,1
23,951887,1.8,3097454,48,774,34.7,1,0,344179,Salaried,Owned,2,1
35,638327,3.9,3928244,60,644,30.2,3,1,354494,Salaried,Rented,1,0
41,899354,10.9,1308357,72,758,13.4,2,0,283151,Salaried,Owned,2,1
34,1681789,5.3,1288001,36,602,26.5,2,0,322901,Salaried,Owned,0,0
43,822206,6.5,3849721,72,741,24.5,3,4,152448,Salaried,Rented,4,0
30,615905,6.1,2933795,60,605,34.4,1,3,382999,Salaried,Rented,3,0
28,1721729,5.9,2621326,60,674,30.9,1,1,944551,Salaried,Rented,3,1
63,1979296,24.4,3556639,48,543,33.4,0,3,856383,Salaried,Rented,3,1
46,807644,8.2,3135523,72,754,40.6,2,0,126753,Salaried,Rented,2,1
48,844073,7.8,1507716,24,719,44.1,3,0,76600,Salaried,Rented,0,0
58,1570864,10.1,1551344,84,777,31.9,1,3,515072,Self-employed,Owned,1,1
59,585363,10.0,2502077,48,643,45.9,0,1,367463,Salaried,Rented,1,1
21,1115853,0.5,3483228,84,850,37.2,1,0,110134,Salaried,Rented,2,1
46,1427228,15.7,1368903,48,850,46.2,0,1,352733,Salaried,Owned,2,1
59,776006,20.4,1347514,72,734,31.2,2,0,393103,Salaried,Rented,1,1
52,579655,20.9,755290,84,850,26.5,2,1,177597,Salaried,Rented,5,1
51,773478,12.9,3659889,24,702,51.7,0,3,140745,Contract,Owned,0,1
63,1078512,28.8,601386,36,630,24.1,2,2,207877,Self-employed,Rented,3,1
43,708731,9.5,7936813,60,710,50.9,0,1,158726,Salaried,Rented,0,1
43,1092558,13.6,1343957,72,594,25.3,0,0,173820,Salaried,Rented,0,1
47,1004799,10.6,1968275,36,757,24.0,3,0,218515,Salaried,Rented,0,1
31,489159,3.3,1672539,72,622,20.1,1,0,61642,Self-employed,Rented,1,0
29,1155147,6.7,1331767,36,764,36.8,2,2,405917,Salaried,Owned,0,1
43,853507,11.7,3293372,48,737,29.8,2,0,141439,Salaried,Rented,1,1
52,1241637,21.5,5425267,72,675,33.8,3,3,593728,Self-employed,Rented,1,0
32,822169,6.8,4174379,72,771,35.5,2,2,253279,Self-employed,Owned,2,1
26,1284738,2.2,1889685,84,739,58.2,0,2,684260,Salaried,Owned,2,0
61,886839,12.3,1003783,72,650,7.8,2,1,303877,Salaried,Rented,2,1
30,673160,4.0,840802,48,676,36.6,1,1,102860,Salaried,Owned,0,0
38,748574,6.5,5855869,60,828,30.1,1,3,355949,Salaried,Rented,2,0
41,548372,15.0,3059368,60,692,26.5,0,0,287899,Salaried,Rented,1,1
44,995951,16.5,1383959,72,716,46.2,1,1,299152,Salaried,Rented,1,0
34,919630,3.9,969226,60,817,38.1,4,2,572578,Salaried,Owned,2,1
61,603901,28.5,3467791,72,647,16.5,1,0,244949,Contract,Rented,2,1
38,763785,13.1,1104827,72,706,45.5,1,0,478107,Salaried,Rented,3,0
29,1469801,2.6,479521,72,782,36.3,0,0,776908,Salaried,Owned,0,1
65,815978,19.8,4498247,48,667,22.6,2,0,31134,Salaried,Owned,0,1
48,1822191,18.6,1668377,48,746,4.8,0,0,663386,Salaried,Rented,3,1
42,936791,16.1,2736069,36,636,47.3,2,0,353880,Salaried,Rented,1,1
31,736894,2.8,3133448,60,619,30.9,2,0,191304,Salaried,Rented,0,0
40,682723,10.7,1888010,72,803,39.8,2,1,316387,Self-employed,Owned,0,1
40,1526153,9.0,916166,60,785,31.4,1,0,987683,Self-employed,Owned,3,1
43,1038372,15.7,1320104,48,573,16.4,1,1,463139,Salaried,Rented,0,1
21,1098220,0.6,9809908,72,733,34.0,0,1,611575,Salaried,Owned,1,0
26,680022,2.6,1739630,60,753,21.9,0,0,213720,Self-employed,Owned,1,0
21,618232,0.5,1588039,36,708,34.5,3,0,195733,Salaried,Owned,3,0
63,698167,20.5,2037532,84,636,24.9,0,0,409118,Salaried,Rented,1,1
53,1459060,24.4,2176550,60,560,21.5,1,0,198307,Salaried,Owned,0,1
59,623317,14.4,2336023,60,811,12.4,1,1,45142,Salaried,Rented,0,1
54,1162718,21.1,1134466,36,850,25.6,1,0,530343,Contract,Owned,2,1
32,486047,3.5,1790621,36,698,22.3,0,0,32494,Self-employed,Rented,1,1
44,1723946,6.9,1642871,84,672,47.3,2,0,853723,Salaried,Rented,0,0
26,932614,4.0,3682469,60,823,17.7,2,0,77365,Salaried,Rented,4,1
56,768549,25.2,2808214,60,756,51.9,0,2,88200,Salaried,Other,1,1
49,1166231,8.0,1392641,60,801,19.5,2,2,59089,Salaried,Owned,2,1
26,645374,3.5,15000000,72,667,23.3,3,0,131756,Salaried,Owned,1,0
22,614874,0.9,3557755,84,721,35.8,0,2,338416,Salaried,Owned,1,0
48,1007126,9.2,1307190,60,625,13.4,1,2,389268,Salaried,Owned,0,1
58,836190,21.5,2835474,48,752,12.8,0,0,242196,Self-employed,Owned,3,1
36,927008,10.7,8532459,84,595,43.3,0,0,230862,Salaried,Owned,2,0
23,1830453,1.8,1473939,60,717,30.3,1,0,538099,Salaried,Owned,1,1
31,603756,5.5,1808197,48,705,28.2,1,0,123740,Salaried,Rented,1,0
46,800529,19.2,2747749,48,683,32.3,2,3,514153,Salaried,Rented,0,1
63,621568,28.5,1121182,48,649,19.6,3,0,181300,Salaried,Rented,0,1
29,803177,4.7,1432962,48,757,18.6,0,1,239227,Salaried,Owned,0,0
58,869015,26.7,1003302,48,748,21.0,2,0,557816,Salaried,Owned,1,1
63,713076,28.3,3288067,24,706,9.7,1,0,275198,Self-employed,Owned,3,1
56,1382779,12.1,1265814,24,674,21.8,1,0,425943,Salaried,Other,1,1
25,586761,3.3,1834941,48,622,34.1,2,0,292106,Salaried,Owned,0,0
63,907176,17.4,594904,36,718,19.6,1,0,80344,Self-employed,Owned,1,1
35,1407864,10.3,1235823,60,692,47.9,4,3,534283,Self-employed,Rented,0,1
52,1019978,9.5,1575291,60,673,33.0,1,1,232848,Self-employed,Rented,0,0
36,498292,10.7,1213983,36,697,30.4,0,0,177741,Salaried,Rented,1,1
23,678470,2.0,980580,60,758,22.3,1,0,315149,Salaried,Rented,1,0
35,694562,5.7,557911,72,754,16.3,0,1,317019,Salaried,Owned,1,1
54,1002783,20.7,1681132,48,593,43.6,1,0,319892,Salaried,Owned,0,1
24,893402,2.5,987960,72,686,2.3,1,0,406001,Self-employed,Rented,1,1
22,777027,1.1,1533450,60,664,36.5,1,1,476791,Salaried,Owned,0,0
43,1666715,6.8,6661883,48,605,17.4,3,0,237348,Salaried,Owned,2,1
25,558641,3.6,1990312,36,698,29.6,1,1,159960,Salaried,Owned,0,0
34,951223,9.8,1760658,84,724,32.3,2,0,282155,Contract,Other,2,1
53,1469231,10.9,3348164,84,694,28.5,1,1,399565,Salaried,Rented,0,1
28,1054428,4.7,3819140,24,572,19.1,2,1,661102,Self-employed,Owned,0,0
53,2666310,15.8,2102843,24,803,40.7,1,0,1366584,Salaried,Rented,1,0
59,1284657,15.6,296086,60,637,28.2,2,1,667420,Salaried,Rented,2,1
44,1621558,14.6,4131627,48,818,47.1,1,1,966721,Salaried,Rented,1,1
29,1071729,2.6,1183450,36,769,22.0,1,0,525692,Salaried,Rented,1,1
23,560365,2.2,467868,48,693,26.0,0,1,260819,Salaried,Owned,1,1
45,1357202,14.7,2520492,48,764,42.8,1,0,389426,Salaried,Owned,0,1
59,783666,16.1,3886738,60,788,37.7,0,0,421949,Contract,Owned,1,1
36,1578266,9.7,1769785,36,850,18.6,1,1,596297,Salaried,Rented,1,0
57,1385295,16.2,2782695,48,656,16.4,3,2,45364,Self-employed,Owned,2,0
56,633422,13.3,2668335,48,722,27.7,2,0,25791,Salaried,Rented,0,1
46,962773,13.6,4330111,48,638,44.9,0,1,128140,Self-employed,Rented,2,0
40,1242666,8.9,2898227,48,664,47.4,1,0,458148,Salaried,Other,1,1
23,1424717,1.1,1492900,48,770,36.6,0,1,784564,Contract,Rented,1,0
46,2010116,15.4,3693589,60,663,20.9,0,0,61788,Self-employed,Rented,0,1
51,1361412,12.8,2762449,60,848,31.2,1,2,105243,Salaried,Owned,2,1
35,451702,11.2,3217632,60,728,39.0,0,1,165544,Contract,Rented,2,0
55,1382527,12.3,3955502,60,631,17.3,1,0,457161,Contract,Owned,0,1
28,1854290,2.0,1661010,60,563,65.4,1,0,1009233,Salaried,Owned,2,0
37,384742,7.0,5247998,48,769,30.8,0,3,163468,Contract,Owned,1,0
65,785348,17.0,1474874,84,733,53.0,0,0,285621,Salaried,Owned,1,1
55,2070747,13.9,1662582,60,850,42.8,1,0,338331,Salaried,Owned,1,1
26,1229870,2.7,3289294,72,772,45.6,0,0,720976,Salaried,Owned,2,1
46,672588,18.5,1708415,36,702,43.7,1,0,318074,Self-employed,Rented,1,1
38,1451759,6.8,2156022,36,693,28.6,2,1,762162,Self-employed,Owned,0,0
28,1007046,5.7,4122165,60,644,29.0,0,1,482642,Salaried,Owned,1,1
48,893676,13.4,1245454,48,850,19.7,2,1,95273,Salaried,Owned,0,1
31,1597343,3.7,1661882,72,797,51.0,1,1,660893,Self-employed,Owned,1,0
54,510676,11.8,1151713,72,721,18.5,2,2,45776,Salaried,Owned,2,0
27,717703,1.9,3011856,36,637,27.4,0,1,386408,Salaried,Owned,2,1
59,1221589,16.9,3426700,72,850,6.1,0,0,452846,Salaried,Owned,1,1
54,486777,11.3,509726,48,749,24.7,2,1,276082,Salaried,Owned,1,1
61,632435,13.8,1694214,60,716,7.3,1,1,389653,Self-employed,Other,1,1
44,1398334,8.1,3211534,48,470,41.0,2,0,550627,Contract,Rented,4,0
50,777465,10.7,1847330,36,623,16.5,2,0,257806,Contract,Owned,0,1
51,878019,17.1,1704472,24,660,27.5,0,0,523071,Salaried,Rented,1,1
33,576991,3.4,1170406,72,760,37.8,2,1,50412,Salaried,Owned,3,1
52,1189693,12.8,3560243,60,741,29.6,3,0,694939,Salaried,Rented,1,0
47,630991,7.7,3531541,60,542,23.7,2,2,352546,Self-employed,Owned,0,1
33,1063451,7.8,2828993,36,655,44.6,4,0,559186,Self-employed,Other,0,1
44,553414,10.1,744267,72,707,32.3,2,0,120000,Salaried,Owned,1,1
49,476923,8.3,1596715,36,690,10.4,1,1,210281,Self-employed,Owned,1,0
51,1525589,11.0,3059788,60,807,44.9,1,0,661558,Salaried,Owned,0,1
64,1046197,23.8,1565927,60,727,27.8,0,1,420986,Salaried,Rented,1,1
61,780114,30.5,871776,60,632,32.2,2,0,370509,Self-employed,Owned,1,1
25,793386,3.3,1825254,48,747,39.5,1,0,355200,Self-employed,Owned,0,1
21,1924617,0.7,9604427,36,650,41.7,1,0,774969,Self-employed,Rented,1,0
63,556687,12.0,1583800,60,667,27.2,0,2,124826,Self-employed,Owned,0,0
30,642105,2.7,2479853,72,655,8.9,0,0,35755,Salaried,Owned,0,0
48,1647130,14.7,3917817,84,753,34.9,0,1,952903,Self-employed,Owned,0,1
38,564227,8.4,1010645,36,672,2.0,3,1,119010,Salaried,Rented,0,1
33,583593,7.5,2272140,36,527,30.7,2,0,107165,Salaried,Owned,1,1
40,923923,9.3,2593373,24,577,24.2,2,1,447638,Salaried,Owned,2,0
23,2690032,1.5,3515625,60,561,30.2,2,3,975430,Self-employed,Owned,3,0
48,1166403,11.8,2594795,36,633,38.1,1,0,609135,Self-employed,Owned,4,0
23,614564,1.2,2935463,72,753,39.8,1,2,367450,Salaried,Rented,2,0
51,459377,16.1,1024430,60,608,25.0,1,0,17109,Contract,Rented,1,1
39,536527,12.8,1447346,36,693,35.1,1,0,55458,Self-employed,Other,2,1
47,969155,18.3,1511988,72,644,32.7,1,3,97652,Self-employed,Rented,0,0
35,1005434,9.7,1691391,60,672,44.6,1,0,621574,Self-employed,Owned,1,0
46,744978,15.4,2178606,72,706,32.0,3,1,86718,Salaried,Owned,0,1
35,1307438,10.4,669735,84,699,11.4,1,0,367393,Self-employed,Rented,3,1
47,1104249,8.3,5505945,60,603,36.6,2,0,653377,Salaried,Rented,1,0
41,796146,7.3,1840404,60,754,43.5,1,0,74230,Self-employed,Owned,1,1
47,1147461,10.6,1269474,48,667,17.2,1,2,638829,Salaried,Owned,2,0
54,918048,21.7,2095886,36,730,23.5,1,1,301782,Self-employed,Owned,1,1
32,1384979,5.4,1688152,24,792,41.7,0,1,333361,Salaried,Rented,2,0
52,672088,20.1,2975465,60,647,24.8,1,1,382177,Self-employed,Rented,2,1
27,1873725,4.8,2289695,60,615,35.2,2,0,1180643,Salaried,Owned,0,0
41,690999,6.2,1465422,72,678,24.3,1,0,191304,Salaried,Owned,1,0
50,1166068,8.7,4476867,36,747,28.5,1,1,206227,Salaried,Owned,2,1
62,829600,14.1,2142568,60,744,18.8,1,2,254300,Contract,Owned,1,1
55,1340561,11.9,2570748,60,635,17.0,1,1,223880,Self-employed,Owned,3,1
60,1171455,17.9,1568130,36,761,48.0,0,0,222583,Self-employed,Rented,1,1
43,381527,12.1,2658592,24,622,27.4,4,0,178855,Salaried,Rented,2,0
29,1120747,4.8,5641487,60,701,35.3,1,1,358672,Contract,Rented,6,0
56,1141893,25.1,1575397,48,652,36.8,2,2,143596,Salaried,Owned,2,1
40,841579,5.7,1966688,84,619,32.6,1,0,374506,Salaried,Owned,2,0
54,1064625,19.8,5214438,36,766,59.9,2,1,151732,Salaried,Rented,4,0
42,1437433,13.1,1764719,60,717,28.6,1,2,755362,Self-employed,Rented,1,1
34,609992,10.0,5952042,48,733,30.5,2,1,193068,Salaried,Owned,1,0
43,568600,15.1,1072627,24,843,17.0,1,0,216561,Self-employed,Owned,0,1
62,660897,17.3,1780745,60,740,20.7,0,0,165151,Salaried,Rented,0,1
23,1683341,1.5,1007825,60,773,17.9,1,1,256111,Self-employed,Rented,2,1
49,1611787,7.4,549974,36,738,19.0,3,0,390879,Self-employed,Rented,1,1
48,546123,17.4,1336807,36,700,17.1,1,3,191887,Self-employed,Rented,1,0
60,1316774,13.4,891119,36,668,33.2,1,0,816150,Salaried,Owned,2,1
30,589982,3.8,2399193,60,662,24.8,1,0,60002,Contract,Other,0,0
41,1208891,10.7,2088471,24,710,44.9,3,3,364736,Salaried,Rented,2,0
63,911554,17.0,8216105,48,747,31.4,1,1,77122,Salaried,Owned,3,1
37,734355,11.7,5263751,60,722,28.3,0,1,159318,Salaried,Rented,0,1
27,503620,5.1,1615573,84,619,37.3,0,2,162699,Salaried,Rented,4,1
63,932699,22.6,3723186,36,633,52.7,1,2,368085,Salaried,Rented,4,1
30,1280243,7.4,1155936,84,791,37.6,1,0,681271,Salaried,Rented,2,1
50,490963,13.3,1415464,48,673,20.7,0,1,289324,Self-employed,Rented,1,1
35,1272399,9.2,3318882,72,722,19.8,4,1,544740,Self-employed,Rented,1,0
64,731507,21.0,2338125,60,660,29.6,1,0,95013,Salaried,Owned,1,1
54,1031162,13.0,1224061,48,735,50.5,1,0,301053,Salaried,Rented,2,1
44,782267,12.4,1517489,48,715,23.1,3,1,202978,Salaried,Owned,0,1
47,667267,12.9,3524620,36,704,38.8,1,3,193495,Salaried,Rented,2,0
46,1252491,7.6,2468857,60,585,27.1,2,0,729790,Salaried,Owned,1,0
49,628055,20.3,507166,72,703,41.7,0,2,179766,Contract,Rented,0,1
35,1060950,4.7,2062673,60,681,20.4,0,0,507583,Self-employed,Owned,0,1
60,577889,17.7,1539305,72,735,27.6,2,1,92643,Salaried,Owned,0,0
44,872945,13.4,2021456,60,624,43.4,3,2,387161,Self-employed,Rented,1,0
52,506523,23.2,3633901,36,550,2.0,1,1,136829,Salaried,Rented,2,1
54,1193599,23.8,2861788,24,801,21.7,2,0,148403,Salaried,Other,1,1
51,1461244,14.5,2066743,48,724,34.3,0,0,914414,Salaried,Owned,1,1
36,337637,10.7,1960880,84,771,35.9,3,0,148207,Salaried,Rented,1,0
39,1608366,13.2,1871839,48,693,24.6,1,0,381558,Salaried,Rented,1,1
35,970020,6.9,1298132,84,706,28.9,2,0,486334,Self-employed,Owned,2,1
26,713141,4.3,2290860,60,537,27.8,3,0,299550,Salaried,Rented,0,0
22,665293,1.0,1069185,36,728,23.0,2,0,265107,Self-employed,Rented,2,0
24,473642,2.9,2470391,48,663,18.0,3,1,290276,Salaried,Rented,5,0
30,449742,3.6,1386571,24,772,14.9,1,1,140991,Contract,Owned,1,0
45,1622522,7.9,4533663,36,770,13.9,2,0,592455,Self-employed,Rented,1,1
40,1279071,10.6,1154589,48,704,40.8,1,2,279354,Salaried,Owned,2,1
57,1626625,10.2,2730738,60,722,25.4,1,0,81048,Salaried,Owned,0,1
54,539161,11.9,1176661,60,850,16.3,1,0,111483,Self-employed,Owned,1,1
28,1074443,3.1,905301,24,678,29.8,3,0,583924,Salaried,Other,0,0
32,778067,4.8,1283926,24,710,15.5,3,1,72549,Salaried,Rented,1,0
26,858510,1.8,5174750,60,690,36.2,1,0,75056,Salaried,Rented,0,1
36,555148,9.3,4401545,72,668,24.7,3,1,273780,Salaried,Owned,0,0
59,1121739,10.2,1883468,72,739,12.2,1,1,481615,Salaried,Owned,1,1
25,2046813,1.9,2816699,48,791,13.0,4,0,542311,Salaried,Rented,1,1
41,805338,7.6,1906428,24,677,41.8,2,0,489761,Salaried,Rented,1,0
26,865216,3.0,6424700,72,783,40.9,0,1,397917,Self-employed,Rented,0,1
51,786480,19.2,1419634,84,850,40.5,3,1,162299,Salaried,Rented,1,1
62,814894,29.1,2262100,72,685,53.6,0,1,187529,Salaried,Owned,2,1
55,1003335,15.7,1614270,24,684,14.3,3,1,581466,Salaried,Owned,1,0
55,1825355,23.0,6867294,72,829,7.1,2,0,857648,Self-employed,Rented,2,1
50,824165,16.4,3471608,60,627,22.5,2,1,442640,Salaried,Rented,4,1
63,918354,19.8,4422108,60,644,14.5,1,0,173358,Self-employed,Owned,1,1
57,941287,26.0,2059768,36,727,41.5,1,2,31001,Contract,Rented,1,0
38,1098738,7.2,1142012,60,692,43.4,1,0,44694,Self-employed,Rented,4,0
24,664174,2.0,2176841,60,590,14.3,2,2,404429,Salaried,Rented,1,0
35,791635,10.7,4480190,60,756,24.3,1,1,479988,Salaried,Owned,2,1
45,510259,14.7,2198703,48,568,12.2,1,1,264480,Salaried,Rented,4,1
65,788637,23.2,2073862,84,782,34.5,1,1,268707,Salaried,Rented,1,1
43,672148,10.9,1308617,60,700,43.1,1,0,254586,Salaried,Rented,0,1
54,1235419,17.8,3020692,36,698,6.0,2,1,434961,Salaried,Owned,0,1
53,1254908,10.9,2587609,84,685,15.7,1,0,641412,Self-employed,Rented,0,0
44,1003875,6.2,1493309,36,833,32.2,2,0,169679,Salaried,Rented,2,1
37,1337752,8.5,2069140,72,778,37.6,3,0,809168,Contract,Rented,0,1
46,1298904,12.6,3106059,60,665,21.2,0,1,286157,Contract,Rented,0,1
21,599553,0.7,1048384,48,614,16.5,1,0,259532,Salaried,Owned,2,1
44,512720,12.3,2507674,84,730,17.9,1,0,166835,Contract,Rented,0,1
29,518033,4.1,2304450,60,679,34.2,4,0,151246,Contract,Owned,2,1
65,1621694,30.8,1674096,72,730,32.9,1,3,288951,Contract,Owned,3,1
40,947324,14.5,1853839,84,789,25.5,3,1,301327,Self-employed,Other,0,0
50,1019898,16.4,1898411,48,655,32.4,2,1,494633,Self-employed,Owned,1,1
45,827411,9.5,2629882,48,754,33.1,2,1,255354,Salaried,Rented,1,1
44,1591027,6.1,3271707,48,637,36.2,1,0,332893,Salaried,Rented,2,0
28,519264,2.2,2263135,48,848,50.8,0,1,136820,Salaried,Rented,1,1
60,1168736,25.8,1774661,60,621,46.4,1,0,281612,Salaried,Rented,1,1
28,1348344,4.8,1863413,60,662,36.1,1,2,554037,Salaried,Rented,3,0
44,1094039,10.9,885335,36,646,14.8,0,0,211386,Salaried,Owned,0,1
23,1962063,1.4,2164784,36,800,38.0,2,1,1087396,Self-employed,Rented,1,1
37,577107,7.8,5151889,36,755,19.4,0,0,180234,Self-employed,Owned,0,1
41,791530,5.9,1731880,72,712,30.9,3,0,78782,Salaried,Rented,0,0
32,922754,3.8,1314916,60,587,23.2,2,0,510559,Salaried,Owned,4,1
65,1037880,27.9,2588503,72,570,31.5,2,0,150035,Contract,Owned,1,1
21,504924,0.4,1605887,60,717,17.9,1,0,269841,Self-employed,Rented,3,1
41,564104,7.7,6697352,84,850,31.8,1,0,292062,Salaried,Rented,2,1
48,1194989,8.8,915877,48,733,52.2,1,2,293518,Salaried,Owned,1,0
21,647324,0.5,1197109,36,637,21.2,3,0,297865,Salaried,Owned,2,1
27,1221211,3.7,1729627,36,804,34.2,2,1,356797,Salaried,Rented,0,1
38,1123924,10.6,2739188,48,790,23.4,2,1,71256,Salaried,Owned,3,1
31,1835574,2.9,2057364,48,748,32.5,2,0,741050,Self-employed,Rented,0,0
48,685418,12.4,2456485,48,730,53.9,0,0,92975,Self-employed,Rented,1,1
41,420866,14.2,11382864,60,514,43.7,0,0,132432,Salaried,Owned,1,0
27,885101,3.6,1855675,72,670,27.1,1,0,265577,Salaried,Owned,1,1
27,1781227,4.9,2515284,36,703,27.7,1,2,243719,Salaried,Rented,2,1
26,1183098,4.5,3287296,36,850,31.8,0,0,357238,Contract,Rented,0,1
49,789709,13.8,8129698,48,574,33.2,0,0,139295,Salaried,Rented,1,0
30,358710,5.8,3813980,72,739,42.2,1,1,214376,Salaried,Owned,2,1
55,551396,22.9,4983098,60,621,24.1,0,0,33730,Salaried,Owned,0,1
63,776239,23.0,1400350,36,577,22.1,1,1,131573,Salaried,Owned,1,1
36,781728,11.8,2112711,60,764,8.7,0,1,267596,Self-employed,Owned,0,1
62,703715,20.4,2159819,60,696,40.3,1,0,22859,Salaried,Rented,2,1
52,951438,20.7,3075640,72,798,31.4,1,0,38665,Self-employed,Owned,0,1
21,875341,0.3,985728,84,850,38.2,1,0,240729,Self-employed,Rented,1,0
26,884943,3.9,454270,60,754,41.3,1,0,245645,Self-employed,Rented,3,0
50,924079,11.7,807403,72,757,41.1,2,0,31061,Self-employed,Owned,1,1
23,838566,1.5,1620471,60,722,42.9,0,2,100741,Salaried,Owned,1,1
24,1444596,1.9,1801765,72,704,42.3,0,2,301852,Self-employed,Rented,1,0
26,794342,4.4,953197,60,694,31.9,0,0,414904,Salaried,Rented,2,1
37,550614,11.0,6811977,72,645,48.7,1,1,151990,Self-employed,Rented,1,1
22,865415,1.2,1625488,48,554,13.6,0,0,501001,Self-employed,Owned,1,1
50,1035334,20.8,4451173,48,593,43.8,0,1,75054,Salaried,Owned,4,0
65,573189,12.7,2671567,24,638,47.2,1,0,198877,Salaried,Rented,0,1
45,654184,8.2,1494628,36,661,42.7,0,0,350442,Salaried,Other,2,1
59,1383396,27.6,2258364,60,808,15.2,1,0,800639,Self-employed,Owned,0,1
24,877567,2.7,2812769,48,682,25.3,3,1,287580,Salaried,Rented,0,0
33,618396,8.4,3030989,60,751,41.9,1,3,259464,Salaried,Rented,1,0
39,779136,10.7,1132429,72,734,19.3,1,0,347918,Salaried,Rented,2,1
36,1141075,10.2,3261155,60,673,34.0,0,1,158444,Self-employed,Rented,2,0
40,504316,8.2,477502,84,700,20.7,1,0,281388,Salaried,Rented,0,1
59,1150832,17.5,1807524,60,695,31.6,1,2,553865,Contract,Owned,3,0
62,1757267,15.3,2013168,84,823,28.6,1,1,242754,Salaried,Rented,3,1
50,1233674,13.4,933716,60,577,26.0,1,0,721990,Salaried,Owned,3,1
22,414738,1.4,2956673,48,637,41.9,4,1,116442,Salaried,Owned,3,0
40,1406129,8.2,2454020,60,629,20.0,1,1,165555,Salaried,Owned,0,1
39,691646,10.9,1429018,36,563,20.2,2,2,80829,Salaried,Rented,1,0
23,1119179,1.1,5253639,72,730,28.2,1,1,551334,Salaried,Rented,1,1
42,1224251,9.7,7986345,48,645,47.9,2,1,633888,Salaried,Rented,1,1
54,465470,9.4,749071,60,759,33.8,3,1,298717,Self-employed,Owned,0,1
32,1188623,8.0,3688071,60,704,28.8,0,0,270021,Self-employed,Rented,1,1
38,1014704,9.1,2467091,72,559,19.6,1,1,322993,Salaried,Owned,2,1
57,377185,9.8,189853,60,642,37.7,0,1,213278,Contract,Rented,3,1
46,250000,16.2,3600344,84,628,23.7,1,1,58815,Self-employed,Owned,1,1
22,727000,1.1,1462884,60,805,15.9,5,0,37348,Contract,Owned,1,1
55,675443,25.4,3057980,48,652,23.9,1,3,429736,Salaried,Owned,1,1
56,719533,17.7,5372857,36,746,24.1,5,1,145716,Salaried,Owned,1,1
23,1224163,2.0,5289784,72,677,10.5,2,1,731486,Salaried,Owned,3,0
62,587825,30.0,3732087,60,632,53.3,0,0,232570,Self-employed,Other,1,1
38,358746,7.5,2778790,36,787,38.3,0,1,50281,Self-employed,Owned,1,1
60,720271,22.5,1094248,60,630,33.6,1,2,229673,Salaried,Rented,1,1
42,1397217,14.2,3149226,60,702,15.4,1,1,517841,Self-employed,Owned,1,1
58,944790,11.2,1828673,72,671,26.5,2,0,597738,Self-employed,Rented,0,0
33,1269434,7.3,938502,84,816,40.5,1,3,332364,Self-employed,Owned,2,0
62,1357675,20.0,2248881,36,712,33.1,3,0,399942,Salaried,Owned,1,1
37,517493,9.9,3456370,72,623,32.6,3,0,46360,Self-employed,Owned,1,0
65,408337,14.5,3943832,60,690,32.8,0,1,205991,Salaried,Owned,1,0
49,1149921,9.0,3544695,72,663,30.8,2,0,577965,Salaried,Rented,0,0
23,843532,2.1,1980727,72,850,32.5,1,0,61251,Salaried,Other,3,1
54,605606,11.1,1343718,24,778,23.3,1,0,171245,Salaried,Owned,2,0
36,1155006,7.0,2493696,36,656,36.0,1,0,333319,Salaried,Rented,3,1
36,782921,6.7,2707064,48,742,25.5,1,1,165304,Salaried,Owned,0,1
51,1613581,13.4,4016988,84,679,28.9,2,0,770888,Self-employed,Rented,2,1
45,544942,18.4,2407731,60,672,29.5,0,0,318742,Salaried,Owned,0,1
21,849012,0.7,1899679,36,647,35.9,0,1,547509,Salaried,Owned,1,0
26,1154404,2.6,1168000,24,608,24.5,1,0,516667,Salaried,Rented,1,0
51,1087859,12.6,3853686,36,690,28.8,0,0,448713,Salaried,Rented,2,1
37,914643,5.9,1641674,36,653,17.5,1,0,277177,Salaried,Rented,3,1
39,832970,12.5,1007840,72,756,27.2,0,0,103675,Salaried,Owned,2,1
60,609922,14.1,2719015,36,751,23.6,3,0,173398,Self-employed,Owned,3,1
24,735564,1.4,3874024,84,581,12.1,0,3,70252,Self-employed,Owned,3,0
21,365897,0.7,4092252,72,621,39.4,0,0,226590,Self-employed,Owned,2,0
63,457167,25.2,7437851,24,634,60.8,1,0,281843,Salaried,Rented,1,1
47,728419,14.7,2097318,48,641,16.0,1,1,161038,Salaried,Owned,2,1
25,1475703,3.7,4075847,60,551,39.5,1,0,240710,Salaried,Owned,3,1
44,1728026,10.1,3244644,48,750,28.7,1,0,148359,Salaried,Owned,4,1
57,905224,15.0,9736402,84,700,45.2,2,0,55355,Self-employed,Rented,2,0
64,1629429,11.9,1721897,36,746,38.7,0,0,249090,Salaried,Owned,2,0
61,1585215,11.6,8134604,24,804,15.9,0,2,840255,Salaried,Owned,1,1
28,1519358,5.9,3518836,48,735,22.6,0,0,312210,Self-employed,Rented,2,0
29,916214,6.3,1182920,60,687,29.7,0,2,533207,Contract,Rented,2,1
33,1946183,5.2,4530773,84,624,37.7,1,1,714815,Salaried,Other,1,0
36,453594,4.3,4675135,48,693,17.7,1,1,26558,Salaried,Rented,3,0
22,2192323,0.8,2134439,36,650,40.6,1,1,789986,Salaried,Rented,1,0
33,974433,5.8,2338765,60,690,36.2,1,0,271646,Salaried,Owned,3,0
62,889992,18.9,2913401,60,673,49.0,1,1,138075,Salaried,Rented,1,1
42,1172429,7.1,9947013,48,704,46.5,1,0,129688,Salaried,Rented,0,1
62,989443,13.4,4415215,36,601,31.2,1,1,433212,Self-employed,Rented,2,1
29,750629,6.7,841254,60,759,31.2,1,0,255774,Salaried,Owned,0,1
21,798330,0.5,2061707,72,751,43.7,1,2,305517,Salaried,Rented,2,0
54,783011,22.7,2125547,48,742,19.2,3,3,314957,Salaried,Rented,1,1
40,616550,13.9,2501955,48,693,33.7,1,2,345019,Contract,Owned,1,1
29,1115949,5.4,1984291,72,664,2.0,1,0,457189,Salaried,Rented,2,1
33,1547348,7.8,1884394,60,598,41.1,3,1,528994,Salaried,Rented,1,0
38,907331,10.0,3584523,48,686,23.5,0,0,117805,Salaried,Owned,3,1
44,622327,8.6,2994083,60,850,23.5,0,0,25905,Salaried,Owned,2,1
64,273021,27.2,1541241,36,653,33.4,2,1,148013,Salaried,Owned,3,1
39,440965,13.0,5946463,48,619,25.7,0,0,151291,Self-employed,Owned,0,1
61,901147,10.4,1668623,60,706,37.9,2,1,47078,Salaried,Owned,1,0
49,582372,10.0,3281865,72,686,12.8,1,2,342032,Salaried,Rented,3,1
47,1114275,17.3,1235736,60,718,32.2,3,1,435956,Salaried,Owned,1,1
45,882294,16.0,5363578,60,599,38.0,0,0,214915,Salaried,Owned,1,1
52,475625,8.1,3498060,84,672,27.3,1,0,59697,Self-employed,Owned,0,1
65,723684,23.5,683694,60,644,8.9,0,0,421649,Salaried,Owned,2,1
59,1816057,24.4,2820861,48,614,43.2,1,1,939990,Self-employed,Owned,3,0
50,952877,21.2,4100622,48,722,33.1,1,2,233004,Salaried,Owned,1,1
21,499294,0.3,2089275,36,761,28.6,1,0,21606,Salaried,Rented,2,0
24,1013474,2.3,4899620,72,725,47.2,2,0,428023,Contract,Owned,1,1
53,661409,23.9,2717780,48,612,31.6,2,0,387091,Salaried,Rented,2,1
23,939559,1.4,1787386,48,539,35.6,0,0,143809,Salaried,Other,2,0
57,1296835,9.6,6486221,72,763,14.0,1,0,797603,Self-employed,Owned,0,1
42,608998,11.4,5731735,60,676,20.4,0,0,140099,Salaried,Rented,0,0
41,595519,9.4,1629492,60,679,35.9,1,0,159490,Self-employed,Other,1,1
42,769060,12.0,2366280,36,798,31.0,2,2,107032,Salaried,Rented,2,1
60,1742375,23.8,9184343,60,592,20.2,2,0,568588,Salaried,Owned,3,1
62,806224,23.7,8272279,72,696,24.7,5,0,268323,Self-employed,Rented,1,1
34,800438,5.2,2627995,60,676,35.1,1,0,267553,Contract,Owned,3,1
49,524008,18.3,2395155,24,671,58.0,0,1,224208,Salaried,Owned,0,0
44,1275936,10.1,781620,72,674,48.9,2,0,588324,Self-employed,Owned,1,1
31,1419775,5.9,2101177,48,712,29.7,4,1,523220,Salaried,Rented,2,1
61,1236294,12.4,1869941,72,634,44.6,1,1,553120,Salaried,Owned,1,1
32,845035,4.3,1731245,72,677,18.9,1,1,198492,Salaried,Owned,0,1
57,655075,19.9,2559014,84,790,2.0,1,0,87284,Self-employed,Owned,2,1
64,1135886,17.3,764693,48,707,44.7,1,0,134970,Contract,Owned,0,1
57,1233679,21.6,3197377,36,816,35.9,0,1,495061,Salaried,Rented,1,1
25,459801,2.4,1593427,48,787,36.6,1,1,248564,Salaried,Rented,0,1
40,893588,12.8,2565159,84,641,46.9,3,0,91231,Contract,Rented,1,0
59,979720,17.7,1591432,72,831,5.6,0,0,560667,Salaried,Owned,1,1
58,697038,14.8,2645169,36,632,44.1,1,1,302965,Salaried,Owned,2,0
25,957129,1.8,2075898,36,630,28.2,1,0,248475,Self-employed,Rented,1,0
61,784044,26.7,2919442,48,731,35.8,0,1,289267,Salaried,Owned,2,1
22,1092333,1.2,5701361,48,754,29.9,2,1,125228,Salaried,Rented,1,1
58,1301540,12.0,439675,48,662,39.4,3,0,259915,Salaried,Owned,1,1
39,1038827,7.6,3127730,48,834,38.8,0,0,55637,Self-employed,Rented,3,1
25,908685,2.8,3646507,60,793,28.7,1,0,263795,Self-employed,Rented,2,1
51,524388,21.6,2076838,84,586,37.8,1,1,136721,Self-employed,Rented,0,1
27,881234,2.9,928272,48,630,8.2,1,2,98617,Self-employed,Owned,3,1
51,1498303,8.2,2080907,36,739,35.2,2,0,719874,Self-employed,Rented,0,1
36,932576,4.2,5086491,48,742,33.4,2,0,297534,Self-employed,Owned,2,1
28,955230,5.9,5989143,48,666,25.5,2,0,312864,Self-employed,Rented,3,1
25,1020816,3.5,1600894,72,726,24.5,2,1,193365,Self-employed,Rented,0,1
37,907033,12.3,2982147,36,743,28.7,2,0,404148,Contract,Rented,1,0
29,703122,4.1,6343405,60,738,24.6,1,0,188587,Salaried,Owned,0,1
48,490813,17.8,3261141,36,686,31.4,0,1,127793,Salaried,Rented,0,1
38,1023488,9.7,1117949,48,600,36.8,1,0,539627,Salaried,Owned,1,1
25,668982,3.4,1446069,84,605,26.7,1,0,272672,Contract,Owned,1,0
58,1914076,21.8,3790087,36,718,29.3,1,0,451177,Salaried,Rented,2,1
27,1337212,5.0,1046996,36,722,52.6,1,2,491497,Salaried,Rented,5,0
62,1530558,12.2,1274728,36,806,31.6,1,1,97350,Salaried,Rented,3,1
48,1452494,20.0,1436359,48,614,25.9,6,1,796052,Self-employed,Owned,1,1
48,1133177,15.0,926651,48,697,25.6,2,1,472969,Salaried,Rented,2,1
45,1412018,12.5,3061374,60,658,22.9,2,1,871409,Salaried,Rented,0,1
58,555720,13.5,2309188,60,791,14.7,1,1,230109,Salaried,Rented,4,1
53,602130,17.3,3104410,36,779,17.5,1,0,236659,Salaried,Rented,0,0
34,537025,4.1,1156525,84,794,20.8,0,0,303240,Salaried,Rented,6,1
24,376035,1.7,5438444,48,715,22.8,2,0,242409,Salaried,Owned,1,1
62,957127,23.7,1927449,60,758,33.9,1,1,192549,Self-employed,Rented,2,1
36,1923254,5.9,1695649,60,702,42.2,3,0,1026334,Salaried,Rented,2,1
47,584965,9.3,1514486,84,555,33.0,1,0,34866,Self-employed,Rented,4,0
53,1726010,9.1,643774,60,700,44.6,1,0,164177,Self-employed,Rented,1,1
63,757540,23.4,1138067,48,609,13.6,4,2,411282,Salaried,Owned,0,0
62,521336,25.8,1253002,60,583,22.7,3,0,217775,Self-employed,Owned,1,1
37,833860,7.2,982001,48,710,15.7,0,0,487991,Salaried,Owned,2,1
63,1139307,11.6,1150973,48,720,48.9,1,0,106137,Salaried,Rented,1,1
64,1235522,16.8,3326562,60,720,16.7,3,1,601633,Salaried,Rented,0,0
25,851460,3.2,1632643,36,578,40.6,2,0,186775,Salaried,Owned,1,0
49,792732,19.8,3317734,48,623,34.7,3,2,195577,Self-employed,Rented,1,0
26,826877,2.7,2632592,48,790,42.8,1,1,343947,Contract,Rented,1,0
24,2010016,2.8,1594600,60,655,31.4,0,1,307358,Salaried,Owned,1,1
39,967728,11.1,401343,24,706,32.3,1,2,572559,Self-employed,Rented,0,0
62,539585,29.7,2785646,72,586,35.4,1,1,116463,Salaried,Rented,0,0
39,1304014,12.1,2875542,48,587,46.1,0,1,420880,Salaried,Rented,1,1
33,2349373,8.8,2294709,36,618,44.0,4,0,302697,Salaried,Owned,0,1
58,977677,15.1,2788717,84,623,33.1,1,0,491892,Contract,Rented,3,1
53,1138379,11.2,2920696,60,735,14.4,1,1,476761,Salaried,Owned,1,0
60,1365470,11.0,1747334,60,651,37.8,0,0,446219,Salaried,Owned,2,1
26,2510727,2.7,963536,36,766,19.0,1,0,250700,Self-employed,Other,1,1
46,1088519,18.8,4582989,60,675,16.0,1,2,101150,Salaried,Owned,1,1
44,1717062,11.8,1378202,36,690,28.8,1,1,806812,Salaried,Rented,0,0
60,819277,11.0,3466483,60,647,18.5,0,1,190006,Salaried,Owned,2,1
62,645770,15.7,3168243,60,643,37.1,4,2,187055,Self-employed,Owned,2,0
36,737991,7.5,4106663,36,630,40.8,3,0,257812,Self-employed,Other,4,0
23,709972,2.1,1431271,72,588,43.7,0,0,386493,Self-employed,Rented,1,1
44,1001631,14.9,2546932,48,641,19.3,2,0,571724,Contract,Rented,1,1
31,1293928,3.0,1631369,60,544,2.0,0,1,105733,Salaried,Owned,4,1
29,551410,4.6,4572261,36,670,15.5,2,0,223203,Self-employed,Owned,2,0
53,1021466,19.4,6115799,60,623,36.3,1,0,31867,Self-employed,Rented,2,1
23,933857,1.7,523957,36,571,26.2,1,2,483904,Self-employed,Rented,0,0
51,1368436,13.5,1678761,24,704,45.8,2,0,495882,Salaried,Rented,0,0
61,996100,25.5,1187166,24,666,19.5,0,1,568602,Salaried,Owned,1,1
51,1663851,14.7,1135185,60,618,38.9,1,2,441325,Salaried,Rented,1,0
25,1033075,3.5,1025398,84,723,20.8,2,1,85931,Self-employed,Rented,1,0
26,1341058,4.2,1881894,48,723,23.5,3,0,367793,Salaried,Owned,2,1
41,1148417,5.8,4269100,36,691,40.3,3,2,287199,Salaried,Rented,2,0
45,555505,10.9,1543137,24,776,46.8,3,1,171051,Contract,Owned,0,0
42,3587357,8.2,4169229,48,787,32.9,3,0,1015129,Self-employed,Other,3,1
36,848294,7.4,4576066,60,724,49.3,1,0,541079,Self-employed,Rented,1,0
35,1028086,8.9,1417562,72,720,27.8,5,1,317961,Salaried,Rented,1,0
46,1215237,12.5,2808033,36,598,36.6,1,1,717710,Salaried,Rented,1,1
34,441638,6.7,2235484,48,687,22.1,1,1,208837,Salaried,Rented,3,1
62,855724,12.6,2115566,84,676,45.3,1,0,374960,Self-employed,Rented,0,0
39,1883453,14.0,2672018,60,763,29.8,2,0,837842,Self-employed,Rented,0,1
34,1268775,9.8,3559647,72,772,21.4,0,0,748522,Contract,Owned,1,1
42,1080957,15.2,2787900,24,755,25.6,3,1,332821,Salaried,Owned,3,1
52,1206434,20.9,3553797,72,669,25.9,1,1,496568,Salaried,Rented,2,1
28,1342362,5.1,1612815,84,644,31.4,3,0,213971,Self-employed,Owned,2,1
48,548009,9.2,833917,36,713,32.2,1,0,72766,Salaried,Owned,2,1
37,766918,10.0,4111568,60,838,21.6,1,0,139665,Salaried,Owned,2,0
41,1737644,11.5,852107,36,597,40.5,2,1,870355,Self-employed,Rented,0,1
48,1479934,11.8,3238865,72,588,29.8,2,0,615923,Salaried,Rented,1,0
29,2056299,4.4,1905487,48,741,21.3,1,1,400374,Self-employed,Rented,1,1
64,746869,11.1,1817612,72,605,18.0,0,2,108312,Salaried,Rented,0,0
44,1692215,14.2,811266,72,650,20.4,0,0,1004546,Salaried,Other,0,1
44,571185,11.9,492268,48,670,15.6,4,1,231680,Self-employed,Rented,3,1
63,719353,22.6,2589610,48,573,19.9,2,0,175922,Salaried,Other,1,1
37,1399199,7.1,2846247,84,549,31.4,0,0,746914,Salaried,Owned,3,0
48,1573859,12.7,2336644,84,731,22.3,0,0,988485,Self-employed,Other,2,0
40,574860,6.2,3007300,72,729,28.5,3,0,239698,Salaried,Rented,3,0
36,1840702,5.5,750880,72,701,27.3,1,0,81590,Salaried,Rented,1,1
25,1051445,2.7,1906865,24,582,41.9,1,0,450757,Salaried,Owned,2,0
31,739219,3.6,4267654,48,738,24.1,1,1,408078,Salaried,Rented,3,1
30,685410,5.6,3015168,60,702,19.9,1,0,107830,Salaried,Owned,1,1
51,849625,9.1,2517283,72,814,19.2,1,0,184813,Self-employed,Owned,1,1
27,1341202,4.4,2755519,60,638,23.7,1,0,713471,Salaried,Owned,1,1
53,1153384,21.8,1675442,72,707,20.6,2,0,385960,Salaried,Rented,2,1
64,856765,25.2,4060579,24,676,21.8,1,0,186568,Self-employed,Owned,1,1
57,486736,20.6,2405884,60,753,32.4,2,0,112109,Salaried,Other,0,1
60,572160,26.9,1488047,36,670,33.8,1,0,64164,Self-employed,Rented,1,1
53,523164,18.2,1250708,48,746,30.1,0,1,182295,Self-employed,Other,0,1
46,1757150,15.0,3410611,36,656,25.6,0,1,975497,Salaried,Rented,4,1
28,777475,5.7,4627943,60,695,14.2,3,0,359858,Salaried,Owned,0,1
23,1079978,0.8,1374232,84,674,14.3,2,0,413763,Self-employed,Rented,1,1
46,632694,10.8,955250,48,705,34.4,3,0,360828,Self-employed,Rented,2,0
52,1246711,15.0,2032944,60,756,19.9,1,1,469253,Salaried,Owned,1,1
29,406731,4.2,1511115,48,592,31.0,2,1,201826,Salaried,Owned,1,1
36,734366,7.0,1325098,48,734,15.0,2,0,398381,Salaried,Owned,0,1
51,972120,19.5,10012131,72,739,37.1,0,2,90174,Salaried,Rented,3,0
35,328774,5.6,2276463,60,672,37.4,1,1,36920,Salaried,Rented,2,0
28,512210,5.6,1379624,36,668,33.5,4,0,298748,Salaried,Rented,2,0
46,627154,18.5,3088535,60,655,23.3,0,0,20829,Salaried,Rented,2,0
56,743670,16.9,5954680,72,655,21.8,2,0,368419,Salaried,Owned,0,0
47,553604,16.2,3453388,84,731,15.9,0,0,53772,Salaried,Rented,1,1
28,777930,5.1,4206449,36,711,48.4,2,0,169590,Salaried,Rented,2,0
57,1672105,9.5,2805819,60,674,26.3,3,0,860507,Salaried,Rented,3,1
36,606405,5.9,2938048,36,724,32.0,0,0,155414,Salaried,Rented,2,1
47,660864,16.3,1692622,24,803,28.3,3,2,146778,Salaried,Owned,1,1
34,819666,4.1,3364238,72,704,10.1,0,1,446798,Salaried,Owned,1,0
48,1614971,13.9,3031466,48,801,29.2,1,2,90429,Self-employed,Owned,2,0
49,719014,17.3,3016263,60,753,27.2,2,0,58514,Self-employed,Owned,1,1
28,596446,3.7,2124498,72,833,29.8,3,1,84911,Salaried,Rented,0,1
51,544625,11.2,1837156,60,632,16.9,2,0,116865,Salaried,Owned,3,0
57,309596,22.6,4368294,24,646,35.5,2,0,174328,Salaried,Owned,2,1
40,626799,7.1,1816916,60,850,23.3,1,1,198751,Salaried,Owned,1,1
59,797492,21.8,2727977,48,637,33.2,2,1,194397,Contract,Owned,2,1
52,282714,15.0,3523389,48,687,18.2,1,0,102962,Self-employed,Other,1,1
38,682111,11.0,2684273,60,728,24.3,1,1,293571,Salaried,Rented,1,0
62,1083008,14.7,1115943,60,716,40.0,2,0,610768,Salaried,Rented,1,0
56,1617998,15.0,2462487,60,684,17.8,2,0,350632,Salaried,Owned,1,1
54,1899249,22.1,1939734,36,628,50.4,0,0,1157268,Self-employed,Rented,2,1
32,1422766,8.8,456422,72,636,8.7,0,0,845528,Salaried,Owned,3,1
43,522014,15.5,3629764,72,635,17.2,0,2,278411,Salaried,Rented,0,0
36,988869,7.0,558631,60,626,38.4,1,0,205386,Self-employed,Other,5,1
49,903923,14.9,3372381,72,669,36.8,2,0,192620,Salaried,Owned,1,0
43,1025634,16.3,3403101,60,622,45.7,1,1,393874,Salaried,Rented,1,0
32,958422,3.8,1291899,60,768,29.1,0,0,199633,Salaried,Owned,3,1
51,846949,16.6,698108,48,652,42.5,0,0,433590,Salaried,Rented,3,1
62,626763,11.3,4397105,48,749,14.0,1,1,257054,Self-employed,Owned,1,0
46,706803,16.5,2315492,48,677,34.0,2,1,304218,Self-employed,Rented,0,0
61,778529,14.3,1051121,60,678,44.6,1,1,392662,Self-employed,Rented,0,0
38,1263003,11.6,2155613,36,814,38.7,2,0,394710,Contract,Owned,2,1
52,414654,18.7,979075,36,773,33.6,2,0,111500,Salaried,Owned,2,1
48,1228316,9.2,598661,24,661,41.9,1,0,580946,Salaried,Rented,3,0
40,458479,12.9,4133248,36,677,46.1,2,0,236294,Salaried,Rented,0,0
24,581701,2.6,1903270,24,819,23.3,1,2,345394,Self-employed,Owned,1,0
30,989880,4.2,3054522,36,689,41.0,0,1,477173,Salaried,Owned,3,1
62,791211,29.1,1778451,24,692,20.3,0,1,180805,Salaried,Rented,1,1
55,747172,13.1,1735159,60,668,32.4,4,0,232771,Self-employed,Other,1,0
56,1582939,24.2,1142915,84,675,19.6,1,0,203966,Self-employed,Rented,2,1
32,564704,5.6,5876464,24,765,22.6,0,0,333675,Salaried,Other,2,1
43,1161153,15.5,635199,60,682,41.6,3,1,209184,Salaried,Owned,0,1
44,636631,15.2,1531093,48,654,30.7,0,1,76960,Self-employed,Owned,1,1
24,893353,1.4,1471465,84,691,26.6,3,0,457116,Salaried,Owned,3,0
28,1042355,5.4,4722497,60,636,41.9,0,1,346375,Salaried,Owned,2,0
63,633128,16.2,2226867,72,849,40.7,2,0,134013,Salaried,Rented,2,1
50,909838,16.5,984141,60,850,28.5,1,0,197607,Salaried,Owned,1,1
51,2883420,12.1,3214472,48,600,46.5,2,0,220540,Salaried,Other,2,0
37,728142,5.1,3037400,36,673,27.4,3,0,220293,Contract,Rented,2,1
52,757762,12.2,1263316,24,689,20.4,1,0,439002,Self-employed,Rented,2,1
39,493786,11.4,380275,60,687,42.7,1,0,237851,Salaried,Rented,2,1
36,2071753,11.6,2951643,36,765,8.4,1,4,1186056,Salaried,Owned,0,1
53,876943,13.2,897064,36,795,35.5,3,0,80775,Contract,Rented,1,1
21,1727025,0.5,2350128,72,743,44.0,1,0,470097,Salaried,Rented,0,0
44,2405095,6.9,2122327,36,780,30.9,2,2,480018,Self-employed,Rented,0,0
44,716664,16.4,449715,72,770,36.0,1,0,277981,Contract,Other,2,1
23,607112,1.5,912592,72,741,24.8,2,0,138407,Salaried,Owned,0,1
64,2361402,16.2,2572729,60,679,36.5,0,0,1521517,Salaried,Rented,1,1
58,1774463,20.6,5094055,36,726,17.6,1,1,233468,Salaried,Owned,2,0
37,950383,8.3,2607017,72,632,4.4,0,0,245817,Salaried,Rented,3,0
58,680938,14.5,5013024,60,814,30.6,2,0,142793,Self-employed,Owned,3,1
53,810429,15.6,2148513,60,681,15.1,0,2,177234,Salaried,Owned,1,1
40,459406,10.5,2448899,36,829,25.2,0,0,241752,Self-employed,Other,1,1
29,615111,5.3,1430644,60,729,35.6,1,1,341821,Salaried,Owned,0,0
31,1328985,4.2,1923798,48,662,22.0,1,1,147438,Salaried,Rented,1,1
31,770200,4.4,9481142,36,846,19.1,3,0,118946,Salaried,Owned,2,1
37,1423183,5.1,956232,48,661,34.2,3,0,546360,Salaried,Owned,1,1
41,1627127,8.4,2593058,60,833,27.2,1,0,161375,Salaried,Owned,2,1
31,1085519,8.1,1590188,72,846,37.5,1,0,290160,Salaried,Rented,1,1
62,805186,19.6,3907332,48,680,31.8,3,0,160808,Self-employed,Rented,0,1
37,1333090,9.5,1341239,36,752,21.9,1,0,634204,Self-employed,Owned,2,1
30,398277,3.4,7284506,36,644,33.5,1,0,54018,Self-employed,Rented,1,0
40,1585943,8.3,693317,60,779,30.3,4,0,264202,Self-employed,Owned,0,1
49,785486,14.9,2600086,84,719,25.1,3,1,460839,Salaried,Owned,1,1
35,756788,7.3,2091187,72,747,35.3,0,0,91680,Salaried,Rented,2,1
28,703917,3.7,1157172,60,690,31.9,2,0,220437,Contract,Rented,1,0
40,1039002,13.2,1739678,48,772,12.6,2,1,669232,Salaried,Rented,5,1
54,922851,22.4,1150451,72,793,37.1,3,0,493539,Self-employed,Owned,0,1
65,1605229,14.3,2643438,60,759,37.3,2,0,243651,Salaried,Owned,1,1
60,512108,24.8,1654006,60,659,35.1,5,0,240352,Salaried,Rented,1,1
27,987869,2.2,2669720,36,665,33.2,4,0,163383,Salaried,Owned,2,1
48,717724,11.4,3250968,36,786,20.5,4,1,195002,Salaried,Owned,4,0
57,1393112,20.4,2151992,84,751,20.4,1,1,235683,Salaried,Rented,2,1
40,833673,10.3,1939492,36,632,29.8,2,0,521956,Salaried,Other,2,1
23,572265,1.8,3071282,48,518,51.0,0,2,322367,Salaried,Rented,2,0
61,587548,29.0,2989141,60,613,32.5,0,0,171425,Salaried,Owned,2,1
40,477570,11.5,2703528,84,681,21.6,2,1,19815,Salaried,Owned,0,0
40,874822,11.5,4829246,48,657,36.3,2,2,205714,Contract,Rented,1,0
28,446840,3.7,1569505,48,580,5.4,3,0,214849,Salaried,Rented,1,0
21,1658890,0.6,1807875,36,701,34.4,0,0,610636,Self-employed,Rented,1,0
37,855754,10.8,2793621,60,719,16.8,1,0,487625,Salaried,Rented,0,1
47,795392,14.7,5873702,36,639,33.7,2,0,306008,Salaried,Owned,3,1
24,1098747,2.9,1459762,60,670,14.8,1,0,299115,Salaried,Rented,0,1
39,694175,6.3,1965510,60,675,28.2,1,0,71004,Salaried,Owned,2,1
45,957442,14.9,1931457,36,793,25.8,0,0,366880,Self-employed,Rented,0,1
53,710623,16.6,14070343,60,667,26.1,0,0,74621,Salaried,Owned,1,1
21,453579,0.6,2390238,84,757,38.8,2,0,89113,Salaried,Rented,1,0
38,809271,8.3,2162608,48,626,25.7,1,0,175507,Salaried,Owned,1,1
65,617999,32.3,1791257,48,558,34.2,0,1,315136,Contract,Rented,0,1
41,834223,15.1,3948597,72,712,43.3,2,0,530343,Salaried,Owned,0,1
39,825128,6.1,1432250,84,456,52.5,1,0,533605,Salaried,Owned,1,0
36,1184201,8.2,2255692,48,711,42.7,1,0,106671,Salaried,Owned,2,1
65,1535156,25.5,1119283,60,846,14.8,0,3,676455,Self-employed,Owned,1,1
42,1109249,6.1,3295382,36,619,2.0,1,2,517295,Salaried,Owned,1,1
42,665090,12.6,1830047,36,681,17.7,2,0,161061,Self-employed,Rented,1,1
62,618011,13.5,3955852,60,626,36.0,2,0,321297,Self-employed,Rented,2,1
40,933430,7.7,3219624,60,725,27.3,5,0,166537,Salaried,Rented,1,1
54,1117102,16.8,7440645,60,704,36.0,0,1,535641,Salaried,Other,0,1
54,1120850,13.4,6920831,60,676,34.0,2,1,219933,Salaried,Rented,3,0
57,625585,16.9,1995878,60,667,50.8,2,1,29607,Salaried,Other,0,0
33,1743725,6.2,4019005,84,720,27.8,1,0,391701,Salaried,Owned,1,1
37,681279,7.5,3129150,36,575,15.0,2,0,133572,Salaried,Rented,3,1
60,360881,20.0,2192964,36,629,38.1,1,1,227186,Salaried,Owned,0,1
64,677220,18.0,3121398,60,682,31.1,0,0,110228,Self-employed,Rented,0,0
25,1905839,1.9,1019499,36,820,34.2,1,2,445470,Self-employed,Owned,3,1
23,904740,0.8,1547174,36,638,27.5,3,1,264257,Salaried,Rented,0,1
43,1578200,13.6,1819740,36,706,45.7,0,0,214326,Self-employed,Owned,2,1
26,759005,4.5,1877940,48,599,21.6,1,0,100960,Salaried,Other,0,1
48,862398,13.4,2816619,72,636,44.7,1,0,401974,Salaried,Owned,4,0
22,717850,0.6,1133965,72,732,42.7,1,0,32342,Salaried,Rented,2,1
23,436185,1.6,1118286,36,714,33.0,1,0,76002,Salaried,Owned,1,1
43,918180,11.3,2150292,60,644,17.0,1,1,56931,Salaried,Other,0,0
51,1269313,15.8,1820520,84,791,28.0,2,3,714292,Self-employed,Rented,1,1
43,1072456,10.8,1011478,48,717,24.6,0,0,73350,Salaried,Rented,1,1
31,612667,7.9,2052597,60,624,34.8,1,1,297607,Salaried,Owned,1,1
55,817570,22.9,1224785,72,655,28.7,2,0,434469,Self-employed,Owned,0,1
63,789005,30.4,1695578,24,772,25.8,2,0,296227,Salaried,Other,1,1
62,990250,23.5,978930,84,813,35.2,1,0,636745,Self-employed,Owned,0,1
59,907170,12.6,3016137,48,625,23.3,1,3,147781,Self-employed,Owned,0,0
39,1966367,6.1,1055787,24,622,34.9,2,2,349042,Salaried,Rented,3,0
21,651028,0.5,1829072,48,598,27.1,1,0,131569,Salaried,Rented,0,1
48,1160980,13.2,785071,48,602,42.1,3,1,588660,Salaried,Rented,0,1
32,366057,5.4,1322139,72,766,14.9,1,2,124771,Self-employed,Rented,2,1
28,677886,5.5,3175770,36,655,31.2,0,1,418240,Contract,Owned,2,0
53,1345164,19.1,6892433,72,703,27.5,3,0,340698,Salaried,Owned,3,1
62,1021080,14.9,2008868,84,669,38.5,2,2,56021,Contract,Rented,0,1
65,459798,21.5,3044454,72,839,28.8,0,0,260809,Self-employed,Other,0,1
36,630849,6.3,1437099,60,754,18.1,0,3,258439,Contract,Owned,2,1
26,402381,1.6,4624503,60,772,13.4,1,0,132596,Salaried,Rented,2,0
59,626678,21.1,3062477,72,680,31.2,4,2,51805,Self-employed,Rented,4,0
43,1989712,9.8,3556736,24,595,35.2,0,2,872377,Salaried,Rented,1,0
55,656056,23.5,3851351,36,673,25.5,0,1,358946,Self-employed,Rented,2,1
53,850034,10.8,8254465,84,659,24.0,4,0,327969,Salaried,Other,1,1
25,748625,1.5,1188593,48,693,15.6,1,0,231218,Salaried,Owned,0,1
43,679850,6.5,2472034,48,668,11.4,1,2,441340,Salaried,Rented,2,0
61,971036,23.7,1526457,48,755,5.0,3,0,227039,Salaried,Rented,1,1
32,984519,8.0,2406798,48,666,39.0,2,0,353670,Salaried,Rented,1,1
46,666270,7.4,827356,24,682,34.5,0,0,186980,Salaried,Owned,3,1
41,1195971,11.1,1539087,60,663,30.1,0,1,375913,Salaried,Owned,1,1
27,1340475,4.3,1850755,36,825,24.4,1,1,130290,Self-employed,Owned,1,1
22,716380,1.2,1615023,60,601,27.9,0,3,35386,Self-employed,Owned,1,0
40,735182,13.9,3137935,48,622,48.4,0,0,200855,Salaried,Rented,0,1
50,858714,20.4,2704442,72,596,32.0,2,3,102743,Salaried,Rented,0,1
51,1939110,11.9,752404,60,699,2.0,2,1,1168740,Salaried,Owned,1,1
29,815850,3.6,5065349,60,741,36.3,1,2,68239,Salaried,Owned,0,0
53,577354,16.2,2213556,72,759,23.6,0,1,155693,Contract,Owned,2,1
33,456841,5.7,1241051,84,665,25.8,0,1,33842,Salaried,Rented,2,1
22,1506221,1.5,4209133,36,751,33.6,2,0,311268,Contract,Owned,1,1
32,693683,4.3,3274580,60,811,13.0,0,0,137544,Self-employed,Rented,1,1
56,919225,21.3,2169891,60,713,67.0,2,0,261791,Salaried,Owned,1,1
46,1001130,7.3,1472135,60,768,22.0,0,0,567983,Self-employed,Owned,2,1
36,1330900,7.9,5593863,84,635,50.7,0,1,137457,Salaried,Rented,1,0
64,758836,22.0,1474004,48,685,17.2,1,2,169041,Salaried,Rented,0,1
39,863106,10.0,940465,72,682,43.6,1,0,113626,Self-employed,Rented,0,1
61,1478787,12.5,1503596,36,760,27.0,2,2,647919,Salaried,Rented,1,0
28,710998,3.6,8515680,36,760,43.9,1,2,362132,Salaried,Owned,1,1
24,596182,2.1,1418448,72,716,3.4,0,0,94755,Self-employed,Owned,0,1
54,515409,12.5,1803978,24,748,29.8,0,0,279095,Salaried,Rented,5,0
45,1625566,12.1,4129597,24,716,16.5,2,0,1025866,Self-employed,Other,1,1
29,923231,2.3,1543428,48,677,25.2,3,1,590780,Self-employed,Rented,2,1
55,748012,15.4,8100958,36,850,40.0,1,1,432660,Salaried,Owned,2,1
40,941276,9.1,1364760,48,577,26.8,3,0,275099,Salaried,Rented,0,1
25,480598,3.0,1072424,48,750,40.5,0,0,18467,Salaried,Other,3,1
25,1345625,1.3,1553698,60,834,52.8,1,1,779127,Salaried,Owned,2,1
52,553227,15.2,5152981,72,786,38.6,0,1,206772,Self-employed,Other,0,0
32,914308,4.4,1262167,48,819,13.0,1,0,306273,Salaried,Owned,1,1
43,1609313,9.2,1203539,48,538,37.5,1,0,819946,Self-employed,Owned,2,1
58,1113220,19.9,1787554,48,739,61.8,1,2,82010,Self-employed,Rented,4,1
30,1074610,3.1,2247679,60,728,39.5,2,0,492553,Salaried,Rented,1,1
50,1251371,12.9,2698379,84,701,31.1,0,1,417414,Salaried,Owned,1,1
24,1342142,1.2,1251577,84,693,33.1,3,0,473548,Salaried,Rented,1,0
50,553996,7.9,1877720,24,626,37.3,3,1,145126,Salaried,Owned,2,0
30,1168602,3.5,3521690,36,594,32.2,0,1,384601,Salaried,Rented,2,1
49,767787,11.8,952099,24,637,20.8,2,0,139184,Self-employed,Owned,1,1
63,778099,12.8,1963763,24,667,25.6,4,1,470566,Salaried,Rented,0,0
26,738926,2.6,740779,24,673,39.8,2,1,292250,Salaried,Owned,0,1
53,571221,8.5,1060039,60,781,29.4,2,2,266401,Salaried,Rented,3,1
37,1132052,9.4,1246256,60,754,16.6,0,2,246388,Salaried,Owned,0,1
44,428852,11.0,1663726,60,702,38.1,2,1,60569,Self-employed,Rented,2,1
40,1699761,13.3,701543,24,770,25.3,3,0,719166,Salaried,Owned,1,1
49,1434713,20.1,1963875,72,711,28.7,2,1,638537,Salaried,Rented,1,1
55,937853,25.4,2124815,48,630,29.0,2,0,556478,Salaried,Owned,1,1
37,463466,4.8,955135,36,748,38.0,1,0,174561,Contract,Rented,6,0
60,2258949,11.3,1726687,72,672,16.5,1,1,350557,Self-employed,Other,1,1
54,618006,11.3,2723347,60,706,18.4,0,1,315346,Salaried,Rented,1,1
43,937269,7.0,3480806,72,687,23.8,1,1,550203,Salaried,Owned,0,0
57,1218165,13.4,3252133,36,838,21.2,1,1,551932,Salaried,Rented,3,1
38,1925405,6.4,1816233,60,637,32.3,1,1,371346,Salaried,Rented,2,1
28,995814,2.5,1580108,84,836,24.0,1,0,231292,Salaried,Rented,2,1
64,926635,16.9,2609884,60,602,37.8,1,1,298111,Salaried,Rented,4,1
27,1450214,3.5,2585791,48,758,37.6,1,0,380043,Contract,Rented,1,1
47,815376,7.7,2442436,60,638,23.5,3,1,403151,Salaried,Other,0,0
56,989584,24.3,4453127,84,711,40.7,0,0,105734,Salaried,Owned,4,1
32,387625,4.4,5649415,60,705,30.2,4,1,221205,Salaried,Other,1,0
42,1491351,15.8,3214415,60,670,45.2,2,0,601253,Salaried,Rented,2,1
48,308831,19.6,1876857,60,592,47.4,0,2,195815,Salaried,Owned,1,0
47,1887071,9.7,1604009,48,756,37.3,2,0,965070,Salaried,Rented,2,0
26,1229871,4.2,2848747,60,799,9.9,3,0,525726,Self-employed,Rented,1,1
64,961796,22.2,6814810,72,655,35.2,0,1,458584,Contract,Owned,2,0
40,1118467,6.4,2644772,60,726,46.0,1,2,574407,Salaried,Rented,1,1
45,899130,12.7,1049857,24,732,31.6,1,0,487729,Salaried,Owned,3,1
22,2242347,0.9,1327111,60,576,22.5,0,0,313463,Self-employed,Rented,0,1
53,2614125,11.5,2293529,48,595,36.2,4,0,423484,Salaried,Rented,0,1
62,1858700,11.3,1040943,84,713,35.6,0,0,1122622,Salaried,Owned,2,1
36,1063261,4.2,1835074,36,762,42.1,1,0,398035,Contract,Rented,1,1
23,714668,0.8,4192469,48,717,23.3,2,0,349088,Self-employed,Rented,1,0
23,623228,0.9,6245280,48,627,28.8,1,1,98422,Self-employed,Owned,2,0
43,1055005,11.4,2845370,60,782,40.6,0,1,462496,Salaried,Rented,2,0
30,686825,7.4,1945393,60,607,30.7,3,0,400952,Salaried,Owned,1,1
53,909584,21.4,1207177,24,651,46.0,2,2,205549,Salaried,Rented,1,1
21,1776702,0.4,2862144,60,681,8.2,3,0,1142700,Salaried,Other,1,1
65,801321,14.1,351992,24,588,4.3,4,0,416511,Self-employed,Owned,0,0
27,841099,3.3,5046602,36,661,38.4,2,0,219202,Self-employed,Owned,2,1
61,1833517,18.9,4814026,48,736,37.6,1,1,1127902,Self-employed,Owned,0,1
64,1101922,20.7,2684397,84,759,35.3,1,0,277404,Self-employed,Owned,3,1
21,1396133,0.4,2166704,84,763,39.2,0,0,254746,Salaried,Rented,2,1
44,533948,10.3,1301156,60,791,43.9,1,1,307874,Salaried,Owned,3,1
36,658340,10.5,1645380,60,754,44.9,0,1,105922,Salaried,Rented,2,1
40,642483,5.2,1431156,72,652,39.3,0,0,295493,Salaried,Owned,2,0
37,878524,10.8,1767978,60,706,37.4,2,1,142629,Salaried,Owned,2,0
37,918100,8.0,2171511,48,850,42.5,2,1,388230,Contract,Rented,0,0
52,898853,19.6,3800376,72,786,34.7,1,0,436091,Salaried,Rented,1,1
27,708717,3.9,1646415,72,645,45.0,1,1,237821,Contract,Rented,2,1
30,817345,3.5,6842187,36,792,43.5,2,0,58621,Salaried,Owned,0,0
22,780701,1.0,1004750,36,586,37.7,1,0,58392,Contract,Rented,2,0
33,923861,9.1,6687927,36,719,20.9,0,0,521809,Contract,Other,1,1
29,1041043,3.6,1570524,72,644,45.3,2,0,412814,Salaried,Rented,2,0
21,711514,0.5,721118,84,663,50.5,0,0,340754,Self-employed,Rented,2,1
35,1109194,8.5,3015558,60,650,30.9,1,0,251838,Salaried,Rented,0,0
47,1733696,11.3,1085986,36,733,25.8,1,1,303129,Salaried,Rented,2,0
65,1605530,19.7,1804510,72,680,26.5,3,1,223879,Salaried,Rented,1,0
36,1024284,5.1,2244707,36,656,22.8,0,1,589780,Contract,Owned,4,0
25,557515,3.4,1314937,60,844,33.9,1,0,96969,Salaried,Rented,2,1
41,989363,12.3,12140740,36,754,30.6,3,1,471422,Salaried,Rented,0,1
30,966576,3.9,2536645,60,512,35.1,1,0,343641,Salaried,Rented,2,1
25,1005583,3.3,622679,36,526,15.9,1,1,169358,Self-employed,Rented,0,0
24,688460,2.8,1458008,60,680,38.1,2,3,142707,Salaried,Owned,1,0
65,490187,22.1,4835348,60,778,34.3,0,0,309468,Self-employed,Other,1,0
38,843198,11.1,1172554,60,667,10.0,1,1,467885,Salaried,Owned,3,1
47,881060,12.1,2192311,36,532,31.7,2,0,445070,Self-employed,Owned,1,0
23,802427,1.2,3010561,72,646,44.8,2,1,297758,Self-employed,Rented,2,0
58,1082749,25.9,2466759,24,658,39.5,1,1,612084,Salaried,Rented,0,1
61,877653,12.0,4710970,24,773,48.0,2,0,191183,Salaried,Rented,0,0
44,910757,8.0,2753919,48,671,34.5,0,0,441524,Salaried,Other,5,1
61,1266188,25.6,5340208,60,805,28.9,1,0,809201,Salaried,Rented,2,1
27,762347,3.1,2490844,72,742,55.1,1,0,415787,Salaried,Owned,2,1
46,1717929,11.5,3184429,36,644,24.3,1,1,311708,Self-employed,Rented,1,1
54,944448,19.7,1895726,48,602,34.3,1,1,464076,Salaried,Rented,2,0
40,1232400,15.0,974913,24,544,46.5,0,2,675402,Self-employed,Owned,1,0
32,1356790,6.2,990946,84,644,36.2,1,1,678348,Salaried,Rented,3,0
34,614422,8.1,1669110,84,615,37.1,2,0,18710,Self-employed,Rented,3,1
23,566261,1.4,1420204,48,816,18.1,0,0,293706,Salaried,Owned,4,1
40,532601,15.0,3829634,72,633,34.2,0,0,21410,Salaried,Other,2,1
47,995626,17.3,887602,24,568,15.3,0,1,562541,Salaried,Rented,3,1
64,1544525,32.7,468749,48,680,20.2,1,0,162543,Salaried,Rented,1,0
49,306701,18.3,1434122,36,699,35.0,1,0,127309,Salaried,Rented,1,0
40,489988,9.1,6431680,24,672,36.5,1,0,254064,Self-employed,Rented,2,0
57,400894,22.5,2056372,60,776,19.4,2,1,114179,Salaried,Rented,4,1
45,1311197,18.2,2448088,60,654,5.2,2,2,675363,Salaried,Owned,2,1
47,890048,12.0,991389,72,769,19.1,0,0,502101,Self-employed,Rented,3,1
35,659364,6.9,6907306,60,733,25.7,2,2,419285,Salaried,Rented,0,0
44,695195,16.1,4672776,60,552,22.1,1,0,330919,Salaried,Rented,3,1
63,1012548,26.2,2773219,48,719,41.4,2,1,265993,Salaried,Owned,1,1
50,445668,13.5,2759147,48,766,38.5,4,0,28218,Salaried,Rented,2,0
55,1161960,23.4,1991920,60,850,27.8,3,1,207693,Self-employed,Other,2,1
62,1226961,21.1,2859742,36,718,30.4,1,0,648124,Salaried,Owned,0,1
44,925530,17.4,2952446,36,655,16.9,0,0,120559,Self-employed,Owned,1,1
21,1035517,0.4,3084699,60,611,32.2,2,3,663461,Salaried,Rented,1,0
55,1064534,23.8,2825137,84,625,27.4,5,0,130934,Contract,Owned,0,1
61,680003,18.5,2359958,72,719,22.9,2,3,146218,Salaried,Rented,1,1
64,812810,12.1,2214290,36,741,11.2,0,1,29721,Salaried,Rented,1,1
43,395041,16.7,764049,60,802,20.6,1,2,64893,Self-employed,Owned,1,0
50,1002236,14.3,2956139,60,768,48.2,2,0,427513,Salaried,Other,2,1
48,922278,20.4,2531847,24,833,45.6,0,0,393515,Salaried,Rented,2,1
28,1330382,3.5,5725259,48,792,28.1,1,0,197147,Self-employed,Rented,3,1
63,969119,26.6,2505287,36,644,45.8,2,0,606861,Salaried,Rented,0,0
34,916443,9.1,932226,36,607,42.5,1,0,222178,Salaried,Rented,1,1
63,893285,22.5,5490104,60,708,34.4,0,1,62787,Salaried,Rented,1,1
60,503859,27.0,1863884,24,725,49.8,3,0,39033,Self-employed,Rented,1,1
23,847969,1.0,2016376,36,718,22.0,2,0,516927,Salaried,Owned,3,1
29,1592039,3.5,2732835,60,756,22.4,0,3,585573,Self-employed,Rented,2,1
53,590469,8.4,1648023,84,563,21.2,0,2,224940,Salaried,Rented,0,0
35,775099,5.3,2030281,60,694,22.3,1,1,413544,Salaried,Rented,3,0
31,833976,5.9,1781272,72,783,9.7,0,1,312469,Salaried,Owned,2,0
61,726088,20.4,1201721,48,756,47.9,1,1,433274,Self-employed,Rented,1,1
48,758679,20.8,3143250,60,617,21.6,0,0,116181,Salaried,Rented,4,1
48,776469,9.8,7854412,72,797,48.0,0,1,473343,Contract,Rented,1,0
63,829534,29.9,944531,60,801,28.1,1,1,338282,Self-employed,Rented,2,1
59,1099458,22.3,3982719,84,682,53.6,0,0,519097,Self-employed,Owned,0,0
21,749259,0.6,1292978,60,593,34.7,2,2,120854,Salaried,Rented,1,0
57,725867,13.3,8855055,24,821,41.3,1,0,443532,Self-employed,Owned,0,1
55,360766,24.4,1981799,48,850,35.0,1,0,90249,Contract,Owned,0,1
38,473763,6.0,1715259,60,648,4.0,0,1,212215,Salaried,Owned,3,0
47,1211652,6.8,5139703,36,671,28.1,2,1,461827,Salaried,Rented,1,0
27,2068153,2.1,961320,60,695,53.6,1,2,1188391,Salaried,Owned,1,0
33,759997,9.5,3219951,24,787,27.2,1,0,260455,Self-employed,Owned,0,1
65,609477,28.6,3219476,36,753,23.4,1,0,293316,Salaried,Rented,0,1
49,1492178,18.1,1166981,72,746,25.5,1,0,648795,Self-employed,Owned,2,1
54,980888,11.9,2078864,72,611,19.4,1,0,340631,Contract,Owned,1,1
55,1332895,15.3,2542593,36,638,44.1,0,2,753128,Self-employed,Rented,2,1
53,1144687,20.4,845499,60,654,19.3,1,2,256007,Self-employed,Rented,2,1
34,684307,8.3,2501549,48,623,38.9,0,0,108648,Salaried,Owned,1,1
64,1392765,21.0,2586172,60,722,23.0,1,1,675395,Salaried,Rented,3,1
56,945167,24.3,2468908,72,753,43.0,1,0,507684,Contract,Owned,1,1
28,1208920,4.9,2027312,48,780,30.1,0,0,337505,Salaried,Rented,2,1
45,857121,12.0,2639631,60,724,37.4,1,1,66448,Self-employed,Owned,1,1
50,2037268,9.7,941428,36,618,20.1,3,0,1201108,Self-employed,Rented,2,1
63,761756,20.7,919984,36,725,39.0,1,0,357236,Salaried,Owned,3,1
65,614903,26.4,4208070,72,696,27.3,2,0,394325,Salaried,Rented,4,1
22,681498,1.4,1593083,72,748,15.4,4,1,121573,Salaried,Owned,2,1
21,1297710,0.7,2718670,60,686,30.4,1,0,738055,Salaried,Rented,4,1
36,648558,6.4,1054310,36,850,40.6,1,0,176387,Salaried,Other,1,1
37,749790,11.1,3540728,84,693,28.5,1,0,213967,Salaried,Rented,0,1
25,1400673,2.8,1298193,60,815,27.8,1,0,204330,Self-employed,Rented,3,1
39,930814,4.9,1760888,60,668,25.0,1,0,343582,Salaried,Other,2,1
22,1383268,0.7,1709397,60,591,2.0,2,1,171203,Salaried,Owned,1,0
25,820397,2.9,4455838,48,738,37.4,1,2,143715,Salaried,Rented,0,0
38,1217996,6.1,1913473,60,719,25.2,0,0,204682,Self-employed,Rented,1,1
34,1576160,9.9,729086,60,713,35.4,2,1,992631,Salaried,Owned,3,1
58,862252,23.4,6760080,84,790,12.4,2,2,260436,Salaried,Other,3,1
24,1487711,2.9,661464,48,680,23.5,1,0,290255,Salaried,Rented,1,0
57,1359506,11.2,1941881,60,582,51.6,0,1,643960,Contract,Rented,2,0
33,618087,9.0,1977399,60,664,33.5,3,0,69009,Self-employed,Owned,5,1
26,1450430,3.2,931187,84,639,22.6,3,0,390681,Self-employed,Rented,1,0
35,1580651,4.6,1778723,72,850,33.3,2,1,458250,Salaried,Rented,3,0
26,954567,2.8,1401525,60,805,43.7,0,0,577497,Salaried,Owned,2,1
40,612171,9.0,1516826,60,595,41.6,0,2,54827,Salaried,Owned,3,0
23,690484,1.1,5359633,60,838,36.5,3,0,66674,Self-employed,Rented,0,0
51,1513512,23.2,2945330,60,701,32.0,0,0,304639,Salaried,Rented,3,1
60,1322364,18.2,4056077,48,792,42.4,0,0,462730,Salaried,Owned,1,1
47,1215318,9.2,2815646,84,652,16.2,1,0,565724,Salaried,Owned,2,1
53,609115,20.1,4301268,48,552,44.0,1,1,97835,Salaried,Owned,2,1
51,1747937,20.4,1796064,72,724,25.7,1,0,1058739,Salaried,Rented,0,1
48,861490,17.4,3364726,72,729,25.0,1,1,276173,Salaried,Owned,2,1
23,531071,1.9,1442150,72,769,2.0,0,0,259947,Salaried,Rented,2,1
36,906471,8.1,1763652,24,672,29.6,2,1,553694,Self-employed,Rented,0,1
28,655423,3.2,2264265,60,721,23.3,0,0,396732,Salaried,Owned,1,1
56,562725,14.9,1823622,60,545,37.9,1,0,227240,Salaried,Rented,3,0
41,876481,7.5,1399452,72,762,7.9,4,1,107040,Self-employed,Other,1,0
58,1728755,13.7,1987807,60,724,39.8,0,0,334529,Salaried,Owned,1,1
36,733006,11.3,9497481,60,567,35.3,3,0,235124,Salaried,Other,1,0
27,1074158,4.0,758061,60,850,33.1,0,0,249743,Salaried,Owned,2,1
33,1427133,5.1,5422513,60,650,41.5,0,0,283756,Salaried,Owned,1,1
29,1146350,4.1,1845142,84,750,20.7,0,1,387338,Self-employed,Owned,1,1
52,762255,18.0,2064613,36,821,27.3,2,0,415514,Self-employed,Rented,3,1
31,698690,4.7,6914818,72,591,33.6,4,0,301932,Contract,Rented,1,1
37,1073956,6.1,2079792,48,743,35.3,0,1,78712,Salaried,Owned,0,1
41,1811725,6.4,943464,84,605,40.8,0,0,380155,Salaried,Owned,2,1
29,1701879,3.8,2430439,60,850,21.5,3,0,688251,Contract,Owned,0,1
32,1557219,6.0,1059411,36,833,25.3,3,1,840929,Self-employed,Rented,1,0
37,573645,10.4,1812445,48,685,13.9,1,1,256184,Salaried,Owned,0,1
43,918488,11.6,3716755,72,850,40.7,0,1,292252,Self-employed,Owned,0,1
41,1119358,13.4,2724504,84,811,33.1,2,0,187854,Self-employed,Rented,1,1
30,1349593,6.6,1586968,60,667,54.6,1,0,763269,Salaried,Owned,0,0
50,503368,19.3,4714360,48,719,16.1,2,0,208930,Self-employed,Rented,1,1
45,466273,13.9,1781923,48,724,36.8,0,0,58712,Self-employed,Rented,5,1
63,1045168,17.1,4283070,36,660,37.7,1,1,545899,Contract,Owned,3,1
46,412109,15.8,3958308,60,649,40.9,1,0,38393,Contract,Owned,0,1
30,583207,4.6,4724223,60,775,34.5,0,0,275571,Contract,Other,1,1
31,883771,6.0,3273720,24,832,31.2,1,2,280650,Salaried,Owned,1,1
39,1569032,6.5,1836344,60,587,45.8,1,0,758452,Salaried,Rented,2,1
31,1273857,5.7,3514845,36,683,5.8,1,1,237774,Salaried,Owned,2,1
32,1406133,3.7,3949477,48,693,36.9,0,0,841803,Self-employed,Rented,1,1
43,1370571,13.6,824211,60,810,44.6,3,0,153447,Self-employed,Rented,2,1
28,1792567,3.7,2845022,72,813,23.6,2,0,220836,Self-employed,Owned,2,1
47,630135,16.2,11018781,72,654,30.5,0,1,390267,Salaried,Owned,4,0
44,1058557,10.0,8527354,36,691,25.3,2,1,634131,Salaried,Owned,0,0
59,645896,13.6,2411215,60,603,13.5,0,0,217910,Self-employed,Owned,0,1
57,636886,15.2,2560410,60,749,24.4,2,0,252122,Contract,Rented,1,1
51,1057145,13.3,6996952,84,706,11.4,1,1,201613,Salaried,Owned,0,1
54,517966,13.5,6116438,36,700,38.1,0,0,252002,Contract,Owned,3,0
58,1189336,26.9,2378973,36,501,40.7,0,1,682008,Salaried,Rented,0,1
27,946024,3.6,3168276,60,699,16.7,3,2,424455,Self-employed,Owned,1,0
37,824689,8.5,7484165,60,719,36.6,1,0,156145,Salaried,Rented,1,1
35,1183208,7.3,2923324,48,684,31.5,3,2,436871,Salaried,Owned,1,1
42,884294,10.4,5906078,48,686,57.6,0,0,292238,Salaried,Owned,3,1
53,1056434,24.4,1368244,60,705,21.9,0,1,138040,Salaried,Other,0,1
34,494314,9.1,1017767,48,750,30.1,1,1,71828,Salaried,Owned,1,1
61,1269662,18.1,3033333,48,725,13.4,0,0,711538,Salaried,Rented,1,1
26,541945,3.5,1952405,60,743,24.9,1,0,272387,Salaried,Owned,0,1
48,797212,18.1,11604046,48,674,16.8,1,0,301428,Self-employed,Rented,3,1
63,925771,15.8,1782119,48,774,18.5,0,1,285336,Salaried,Rented,3,1
30,918150,7.2,5790853,36,696,22.3,2,0,225200,Self-employed,Owned,1,0
33,2161723,9.2,6873382,48,809,48.0,3,1,901424,Salaried,Rented,1,1
49,739231,17.7,2798014,48,599,9.2,0,1,464408,Self-employed,Rented,1,1
42,874705,11.5,6723105,48,811,25.5,2,1,566318,Salaried,Owned,0,1
64,667809,32.7,1513914,48,738,24.2,1,0,80143,Self-employed,Rented,0,1
41,815265,9.7,1030253,60,694,32.9,1,0,93268,Contract,Rented,0,1
45,1581504,15.7,1203553,72,768,38.6,3,1,129131,Salaried,Rented,0,1
59,1284173,11.6,3023835,48,684,41.2,2,2,625912,Salaried,Rented,2,1
40,1192326,11.5,4451995,72,669,39.3,0,3,612839,Self-employed,Owned,4,1
47,495835,8.6,3070872,24,699,26.8,0,0,25464,Self-employed,Rented,2,1
36,785601,11.9,6019643,36,791,56.1,1,0,327162,Salaried,Other,2,1
21,602473,0.7,2025744,72,722,46.5,1,2,321523,Salaried,Owned,2,1
36,838442,10.5,457142,72,670,30.4,1,1,452338,Self-employed,Rented,1,0
43,528910,13.7,3071388,72,690,27.3,0,0,288894,Contract,Rented,1,1
24,2346694,2.3,2959688,84,670,39.4,1,2,816382,Contract,Rented,0,0
64,920366,28.6,6368929,48,627,46.1,1,0,193787,Salaried,Rented,0,1
31,951603,5.9,1300372,48,816,2.0,0,1,98497,Self-employed,Rented,1,1
46,839467,7.7,3831129,84,778,30.3,2,0,208437,Salaried,Owned,3,0
50,878504,19.7,1185926,60,640,18.7,3,0,110061,Self-employed,Owned,2,0
38,1007698,12.0,9581977,48,571,40.6,3,1,246572,Self-employed,Rented,0,0
27,1002474,2.1,3707009,48,690,41.9,1,2,73082,Salaried,Owned,1,0
59,1134865,20.4,1774296,24,684,47.1,3,1,204164,Salaried,Other,0,1
57,515815,13.9,781384,60,710,45.1,1,2,174503,Self-employed,Rented,4,0
38,1327558,7.1,1285284,60,850,19.4,1,2,711422,Contract,Rented,0,0
57,1282351,23.6,913255,24,765,26.9,2,1,119525,Contract,Owned,1,1
26,717355,4.3,1363716,60,735,25.3,1,1,170607,Contract,Rented,3,0
42,913668,10.9,2607317,60,703,6.9,1,0,340681,Contract,Rented,1,1
50,1039437,9.6,2987867,60,580,32.8,3,1,366215,Salaried,Rented,0,0
33,652778,9.6,1117425,72,727,19.6,3,1,185960,Salaried,Owned,4,1
59,1189964,16.4,674152,24,576,22.7,1,1,305208,Salaried,Rented,1,1
43,1194716,14.9,1583382,60,785,42.1,1,1,209269,Self-employed,Other,2,1
52,881670,18.4,4939286,60,662,16.8,1,0,369908,Salaried,Rented,0,1
44,927235,8.9,2587732,48,618,34.0,2,0,52912,Salaried,Owned,0,1
23,897887,1.1,3856513,48,639,48.3,2,0,58474,Contract,Rented,4,1
52,783193,20.7,1582458,36,665,6.0,2,0,220547,Salaried,Owned,1,1
32,634712,3.4,1255519,72,579,25.8,1,1,305934,Contract,Rented,0,1
41,789370,13.9,2948554,36,845,16.2,2,0,196135,Salaried,Other,3,1
62,747723,18.3,1096563,72,570,26.9,0,0,143846,Salaried,Rented,4,1
51,540876,14.7,2137472,24,729,44.7,1,0,288550,Self-employed,Rented,1,1
50,613314,18.3,4292147,84,682,39.3,2,0,155620,Salaried,Owned,2,1
22,1074120,1.3,5601691,60,576,23.1,2,1,105088,Self-employed,Rented,1,0
45,1302251,16.0,5071286,36,595,20.3,0,1,399143,Salaried,Owned,3,1
63,811088,16.3,4977048,72,616,18.1,0,0,364374,Contract,Owned,0,1
43,942084,8.6,11453298,72,748,32.1,1,1,107560,Self-employed,Owned,0,1
49,660306,13.7,913135,60,768,40.2,0,0,45366,Salaried,Other,1,1
27,720488,4.4,2184567,36,778,16.8,0,0,460056,Salaried,Owned,0,1
32,1025366,6.1,1675437,60,667,19.1,1,2,61574,Salaried,Rented,1,1
24,578330,2.5,1330189,60,663,24.6,1,0,18229,Salaried,Owned,1,1
48,802992,16.7,7077075,36,589,19.9,0,0,460482,Salaried,Rented,1,0
61,959891,21.3,3356617,36,598,48.4,1,1,208366,Salaried,Other,4,1
62,756775,21.3,2168793,48,647,18.1,2,1,46563,Salaried,Rented,1,1
36,1671710,10.0,3791302,72,733,33.5,3,2,448403,Salaried,Rented,1,0
56,834874,11.5,2309846,60,782,32.7,0,1,224018,Self-employed,Owned,5,1
57,861358,26.4,1466608,72,651,25.1,0,0,510802,Contract,Rented,2,0
51,1045679,12.6,612447,48,646,44.7,0,0,445912,Self-employed,Rented,0,1
33,659194,4.9,4993184,60,495,23.5,0,0,50636,Salaried,Rented,1,0
32,1756639,3.1,3393189,36,826,40.1,1,0,643990,Salaried,Rented,1,0
44,761314,17.2,4743142,72,850,36.6,2,0,71249,Salaried,Rented,0,1
52,730019,8.6,4438139,72,795,36.1,0,1,452998,Salaried,Rented,2,1
32,875955,6.9,1348281,36,642,32.1,1,0,352665,Salaried,Rented,0,1
21,868665,0.6,6423566,36,748,41.0,1,1,72516,Salaried,Owned,1,0
28,1229634,4.1,2146316,72,649,31.3,0,0,789420,Contract,Owned,1,1
30,665743,4.3,4269678,36,639,45.5,0,1,272567,Salaried,Owned,1,1
23,1821449,1.9,1962934,48,709,29.7,1,0,847981,Salaried,Owned,0,1
41,912773,7.7,2278577,72,677,57.3,0,2,299065,Self-employed,Owned,3,0
53,1769277,23.9,1602178,36,699,24.2,1,3,430551,Salaried,Owned,1,0
25,1435233,1.7,2198911,60,649,35.5,1,1,561791,Self-employed,Owned,0,1
65,485505,23.5,793053,60,669,29.4,4,0,193298,Salaried,Rented,0,1
29,1959912,4.4,1986923,48,626,40.1,2,1,1244752,Self-employed,Owned,1,0
65,1312204,29.0,2259992,60,678,22.9,2,1,282279,Self-employed,Owned,0,1
64,853562,32.9,731647,36,630,26.4,2,0,69049,Salaried,Owned,1,1
39,443966,8.2,1758571,72,722,34.8,2,2,121334,Salaried,Owned,3,1
28,1298984,4.8,1153631,60,720,57.3,1,0,753594,Salaried,Rented,0,0
43,1054834,16.9,1132363,36,661,39.6,0,0,409555,Salaried,Rented,2,1
44,838978,14.7,2376761,60,739,36.0,2,1,86825,Salaried,Owned,3,1
30,925641,3.2,4894177,48,741,25.1,1,1,441749,Self-employed,Owned,1,0
26,1909197,1.6,6080233,48,738,23.2,3,1,981238,Self-employed,Owned,2,0
30,1125213,5.2,3342322,60,766,23.9,1,2,301400,Salaried,Rented,0,1
21,1199279,0.5,2428765,36,557,27.7,3,2,586439,Salaried,Owned,2,0
42,626419,13.7,3535845,60,753,32.7,1,0,66170,Salaried,Other,1,1
26,790608,3.5,1739844,48,670,22.7,0,0,212897,Self-employed,Rented,0,1
39,959549,8.1,5034481,72,658,34.8,1,0,45069,Self-employed,Rented,0,1
36,1774813,10.2,3270290,60,724,38.8,3,0,174714,Self-employed,Rented,1,0
45,888066,7.2,805220,36,580,16.5,3,2,72216,Salaried,Owned,1,1
65,723216,14.1,5873948,48,743,36.3,1,0,150086,Salaried,Rented,0,1
40,652419,13.0,4858055,24,779,16.9,1,2,44759,Salaried,Rented,1,0
54,463959,10.1,2380232,36,712,36.0,0,1,34493,Salaried,Rented,0,0
46,1130336,18.2,826765,60,564,17.8,0,1,406805,Salaried,Owned,1,0
55,594024,16.2,3115714,48,802,6.5,0,2,155440,Self-employed,Rented,1,1
27,882600,3.7,4633589,60,696,13.5,1,1,148839,Self-employed,Owned,2,1
36,1772642,5.9,5798522,60,611,37.3,0,1,481180,Self-employed,Owned,0,1
61,732269,26.6,13048529,60,731,43.5,2,0,442983,Salaried,Rented,1,0
41,568740,6.9,760410,36,764,32.5,1,0,183269,Salaried,Rented,0,0
54,984029,13.8,2015985,60,722,2.0,1,1,526444,Salaried,Owned,1,1
53,611751,16.6,1341230,60,745,30.9,1,1,359872,Self-employed,Rented,0,1
34,640138,4.9,1457478,72,732,21.3,2,0,124166,Salaried,Owned,1,0
51,1095303,19.1,1099902,48,570,23.4,1,1,167727,Salaried,Owned,1,1
48,673881,9.4,2849249,48,739,37.8,1,2,388070,Salaried,Rented,5,0
62,571638,22.6,1732895,60,578,26.3,0,0,348045,Salaried,Rented,2,1
59,657074,21.0,1359170,72,684,18.8,3,0,264042,Salaried,Rented,3,0
32,1363609,5.3,3979269,60,693,21.2,1,1,266898,Self-employed,Rented,4,0
42,930408,10.3,1100770,48,612,47.9,2,1,160968,Salaried,Owned,2,0
50,1212996,16.2,1661211,48,714,33.7,1,1,61168,Self-employed,Rented,0,1
40,680759,8.2,2470028,48,702,37.2,0,1,138973,Salaried,Owned,2,0
34,1182624,3.9,1443394,24,777,38.8,1,0,423447,Contract,Rented,3,0
40,1008304,6.2,1109214,84,665,12.5,0,1,513811,Salaried,Other,1,0
55,880816,9.8,3799131,72,736,19.7,2,1,545881,Salaried,Rented,0,1
65,1059460,24.4,2913284,48,610,51.6,3,0,133630,Salaried,Rented,1,1
65,697707,24.1,956519,60,665,21.0,1,1,43127,Salaried,Rented,0,1
37,966509,11.5,2919300,48,771,54.1,2,0,546778,Salaried,Rented,2,0
44,600484,14.4,2270667,60,593,49.3,1,2,223096,Salaried,Other,2,0
47,521325,9.5,1863246,60,556,30.9,1,1,87272,Salaried,Owned,2,0
26,664684,2.5,1880288,60,799,49.7,1,2,86601,Salaried,Owned,1,1
28,419947,2.4,4430038,60,632,19.2,4,1,237797,Salaried,Rented,5,1
22,568642,1.3,4630412,48,660,18.7,2,2,209142,Self-employed,Rented,0,0
37,924495,9.9,2668985,72,752,44.3,2,2,469455,Contract,Rented,1,0
22,603831,0.6,859032,48,732,19.5,2,0,32271,Salaried,Rented,3,1
58,473495,11.1,3534190,60,722,36.2,0,1,26964,Self-employed,Rented,4,1
55,866152,19.8,1839455,72,485,41.7,1,1,197547,Salaried,Rented,1,1
40,450132,13.9,2498311,48,711,2.0,2,3,114154,Self-employed,Owned,1,1
44,1158957,14.4,1865366,60,646,25.1,0,0,301490,Self-employed,Rented,0,1
58,939362,11.2,3026860,60,545,44.6,1,1,400525,Self-employed,Other,0,0
23,505590,1.1,2275843,84,717,19.8,1,1,232977,Self-employed,Owned,1,1
51,695186,22.5,904573,36,701,43.3,2,1,398938,Salaried,Rented,2,1
45,851400,11.1,1404591,48,664,38.1,1,3,435707,Salaried,Rented,0,1
46,432377,10.0,1753151,72,712,45.1,3,1,78770,Contract,Owned,0,0
62,776564,30.2,3860887,72,561,27.8,0,1,417833,Salaried,Other,2,1
52,1416050,16.7,7710203,36,750,9.0,0,1,475891,Self-employed,Owned,1,1
48,753839,19.8,5027205,60,660,23.9,0,0,357688,Salaried,Other,2,1
38,1331910,11.5,1894234,60,633,22.7,1,0,688664,Salaried,Rented,2,0
52,1383053,18.7,2589881,48,742,2.0,0,1,768391,Salaried,Rented,3,1
35,1045630,9.7,1078673,60,624,17.1,0,0,583383,Self-employed,Rented,1,1
24,1675052,2.9,2248319,48,694,26.9,1,0,357260,Salaried,Rented,3,0
37,967786,7.7,3439065,60,752,27.0,0,1,66617,Salaried,Owned,1,1
49,1213607,14.5,1403578,60,697,40.3,2,1,224895,Salaried,Rented,2,1
55,1932173,20.1,3386052,24,712,3.7,0,1,475522,Salaried,Rented,1,1
41,1288197,9.2,915167,36,565,34.7,0,1,144387,Salaried,Rented,1,1
22,1140492,0.6,2014214,60,729,39.0,1,2,385862,Salaried,Rented,2,0
22,810261,1.0,1874424,60,845,34.4,1,0,134608,Self-employed,Owned,2,1
31,621160,7.8,2066546,60,608,18.5,0,0,319615,Contract,Owned,3,0
60,965088,16.0,2916659,60,700,19.1,2,0,513025,Self-employed,Owned,0,1
35,1488755,10.1,844223,60,841,19.5,0,0,918584,Self-employed,Rented,1,0
43,619756,10.6,11012946,48,723,37.8,0,1,354158,Self-employed,Owned,2,0
22,1449611,1.3,4248507,36,722,31.3,1,1,682902,Contract,Owned,1,0
23,488307,1.1,4017917,60,645,19.3,1,0,208826,Salaried,Owned,3,0
63,891215,30.2,1509536,60,739,25.4,1,0,378728,Salaried,Rented,0,1
56,1164472,20.5,1105256,84,601,26.3,1,0,250683,Self-employed,Rented,2,1
25,785476,3.3,2503716,60,719,29.9,2,0,55242,Salaried,Rented,0,1
60,614028,28.8,4832722,72,705,11.7,1,1,134486,Salaried,Owned,1,1
39,1643648,13.0,3983051,72,729,56.2,1,1,67231,Self-employed,Owned,1,1
44,1059087,17.6,12673221,36,719,13.8,1,0,62732,Salaried,Rented,1,1
37,822818,9.9,564456,60,831,40.2,0,1,228980,Contract,Owned,0,0
39,1247845,11.3,1949291,72,649,32.5,3,0,219429,Salaried,Owned,2,0
51,897776,16.1,1494889,60,757,47.4,0,0,115879,Salaried,Rented,2,1
49,1830504,12.4,726968,60,735,39.5,1,2,389780,Salaried,Rented,0,1
37,1299056,7.8,983984,36,742,17.6,2,0,41245,Salaried,Rented,0,1
58,725557,21.0,871860,48,670,33.3,1,0,242481,Salaried,Rented,3,1
44,559875,7.3,4753777,72,743,36.5,1,1,306123,Contract,Rented,1,0
22,669772,0.6,4130783,24,742,44.6,2,0,208025,Salaried,Rented,1,1
59,740876,25.6,1089908,60,657,48.7,2,3,358541,Salaried,Owned,2,1
32,978800,7.4,1829970,84,622,33.5,0,0,535346,Salaried,Rented,1,1
61,615096,29.0,2283781,72,791,32.3,2,0,206345,Self-employed,Rented,1,1
47,830477,11.1,1762761,60,789,24.1,1,0,133770,Salaried,Other,3,1
33,816227,7.4,2428640,72,636,24.6,0,0,192040,Self-employed,Owned,2,0
55,814933,13.5,2727928,60,661,27.8,1,1,442497,Salaried,Owned,0,1
42,896044,9.4,1048348,72,715,37.5,0,0,354143,Self-employed,Owned,1,0
26,1581617,2.2,1477516,60,678,23.9,1,2,344436,Contract,Owned,2,0
61,1525467,30.0,6044311,36,727,21.1,0,1,463276,Salaried,Owned,1,1
26,1282589,2.5,8622832,60,649,30.9,3,0,792876,Self-employed,Owned,0,0
60,627250,12.5,2428203,84,621,21.1,2,1,366633,Self-employed,Owned,1,1
36,517420,11.0,2371458,72,730,19.6,4,0,128913,Salaried,Owned,3,0
60,632734,22.8,3349406,60,701,39.9,0,1,283530,Salaried,Rented,2,1
54,1079915,15.3,1764373,72,721,58.7,1,4,567311,Contract,Rented,1,0
21,411762,0.4,3827338,60,820,25.4,0,1,28247,Salaried,Other,2,1
57,1887083,13.9,984713,72,823,27.0,0,4,204915,Contract,Rented,1,1
28,727413,5.6,786887,60,642,12.9,0,1,302056,Salaried,Owned,2,0
61,959996,29.6,3323940,36,760,12.2,0,2,272811,Salaried,Owned,1,1
39,929348,6.1,2562967,60,642,35.0,0,2,347917,Self-employed,Owned,3,0
57,542020,24.7,3305958,36,681,34.3,2,0,90940,Salaried,Rented,2,1
27,559837,2.5,3457139,60,611,32.6,2,0,342581,Self-employed,Rented,0,1
39,1277966,5.4,7719775,72,727,32.4,2,0,155134,Salaried,Owned,1,1
26,611588,1.7,1714111,36,732,50.2,2,1,69491,Self-employed,Rented,0,0
27,501440,3.3,2993021,36,667,32.5,1,1,86116,Salaried,Rented,1,1
30,837675,6.0,2772292,72,679,19.4,2,1,87026,Salaried,Owned,1,0
42,477476,10.1,1032005,60,654,20.8,0,1,299608,Salaried,Owned,2,1
40,998472,12.1,571872,72,584,14.2,0,2,448137,Contract,Owned,2,1
27,685082,2.1,2364841,72,672,22.3,2,0,365243,Salaried,Rented,1,0
38,1508487,10.4,2142960,72,793,33.2,5,0,220207,Salaried,Rented,3,1
45,1195557,18.1,1337145,84,584,33.4,3,0,416578,Salaried,Rented,0,1
52,846097,8.2,1846770,48,669,20.9,1,0,443760,Salaried,Rented,1,1
43,469755,6.7,4101239,84,814,33.9,0,4,87788,Salaried,Owned,1,1
21,628851,0.6,1622690,84,820,15.8,2,1,249650,Salaried,Rented,0,1
31,646845,7.1,1176993,84,704,54.8,0,0,349064,Self-employed,Rented,1,0
36,1270784,11.5,1293908,72,712,35.9,0,0,663150,Self-employed,Rented,3,1
37,1212571,8.7,2513239,48,679,10.0,2,0,212673,Salaried,Owned,2,1
55,800938,19.0,1821028,60,719,31.7,1,0,188687,Salaried,Owned,0,1
37,1727034,10.7,691546,24,781,42.0,0,0,937808,Self-employed,Rented,1,1
24,821228,1.6,2509035,72,711,10.6,0,1,104622,Salaried,Owned,0,1
56,647303,21.1,1286314,72,850,24.5,0,0,323818,Contract,Rented,2,1
45,1930086,8.9,725815,36,850,43.3,3,0,566056,Salaried,Rented,0,1
29,1304371,6.2,937185,48,728,34.9,1,1,122208,Self-employed,Rented,2,1
44,314528,17.1,2720650,24,601,41.8,3,0,160986,Self-employed,Other,2,1
49,806290,17.1,568596,48,702,48.1,0,1,350815,Contract,Rented,2,1
41,1032899,5.5,4778100,48,701,21.0,8,1,81668,Salaried,Rented,1,0
33,993704,8.3,8259638,48,734,28.9,0,0,526828,Self-employed,Owned,1,1
58,441917,26.1,880720,84,691,63.8,3,1,268790,Salaried,Owned,4,1
45,693821,7.4,5438203,48,666,32.8,0,0,28098,Self-employed,Owned,0,0
50,583309,16.2,1870660,24,706,15.8,2,2,289846,Contract,Owned,1,1
55,478712,23.6,3317953,48,660,48.6,1,1,234361,Salaried,Rented,2,1
32,674701,8.0,4940391,48,797,42.6,2,1,298509,Self-employed,Owned,1,1
42,804761,14.2,2877291,84,634,20.0,3,2,233080,Salaried,Owned,2,1
36,563015,9.6,1041961,48,850,7.2,3,0,130444,Contract,Rented,2,1
24,1008616,2.5,8200009,72,788,35.1,2,1,331136,Salaried,Owned,1,1
63,663498,23.5,3513862,60,643,20.4,0,2,140184,Salaried,Rented,1,1
65,626761,25.5,2452120,48,732,36.8,2,0,32561,Salaried,Owned,2,1
42,957184,6.6,2242791,24,850,31.4,0,1,306623,Salaried,Other,1,0
37,1666979,9.1,592647,48,709,26.9,1,1,397464,Salaried,Owned,0,0
36,1015362,8.0,3000730,36,850,53.2,2,0,497654,Salaried,Rented,0,1
52,1208600,16.6,2755034,72,705,28.5,0,1,741199,Salaried,Rented,4,1
59,1015079,21.3,2240311,60,631,9.7,2,0,249203,Salaried,Other,1,1
28,522699,5.9,2737205,48,757,46.8,2,0,102070,Salaried,Rented,3,1
64,825346,31.7,4835889,36,751,23.8,1,1,468895,Contract,Owned,3,1
50,1616737,13.1,729783,48,750,12.0,3,0,701500,Salaried,Owned,1,1
60,955063,24.9,548368,60,728,36.2,2,1,539136,Self-employed,Rented,1,1
32,1190078,5.6,585753,36,772,11.1,2,0,657301,Self-employed,Owned,3,1
21,720469,0.4,1563989,60,597,34.0,0,0,395281,Salaried,Rented,1,0
31,654278,7.2,4701259,60,700,75.0,1,1,117659,Salaried,Owned,1,0
43,672203,17.1,3380071,60,766,39.8,0,0,361195,Salaried,Other,1,1
46,662295,6.9,1850570,60,697,27.0,2,0,72610,Contract,Rented,2,0
43,1198065,13.4,564867,72,776,32.0,0,0,741295,Salaried,Owned,0,1
62,839581,25.5,3742400,60,606,34.9,1,0,114182,Salaried,Rented,2,1
53,790383,14.4,1696660,84,713,25.9,1,0,348790,Salaried,Rented,3,1
29,699078,2.9,1683249,60,683,46.1,1,1,327197,Salaried,Owned,2,0
56,1206748,21.0,2061025,48,850,2.0,4,1,578888,Salaried,Owned,2,1
21,844298,0.3,2242145,60,651,33.5,1,0,520186,Salaried,Rented,1,1
49,1546495,15.2,1408654,60,565,39.7,1,0,945128,Salaried,Other,0,1
28,471477,2.5,2910786,72,663,19.0,0,0,71827,Self-employed,Rented,3,0
33,922900,8.4,1605015,60,823,27.7,2,0,505583,Contract,Rented,1,1
37,815196,8.9,3346013,84,760,28.6,2,1,206250,Salaried,Rented,3,1
49,591144,16.3,4200159,60,642,28.8,1,2,307868,Salaried,Owned,2,1
53,556404,12.3,1782004,60,800,42.6,1,1,98572,Contract,Rented,4,1
39,415365,9.1,1112085,60,735,28.6,1,0,175867,Salaried,Rented,3,1
61,613960,17.9,2998663,48,626,45.5,0,1,300441,Salaried,Owned,1,1
40,1176586,14.7,4986639,48,670,40.9,2,0,392344,Self-employed,Other,3,1
21,1188040,0.4,3616356,48,690,29.6,1,0,225853,Salaried,Owned,0,1
28,791297,5.1,900929,24,600,46.0,0,0,134257,Salaried,Owned,2,0
62,1077087,20.6,987336,60,519,48.7,1,0,362501,Self-employed,Owned,1,1
59,1243782,18.1,2579364,48,666,46.9,4,1,388844,Salaried,Owned,6,1
29,456826,5.3,4453648,48,718,21.9,3,2,197983,Salaried,Other,1,0
56,1074290,11.7,1919761,84,692,6.0,1,1,395400,Self-employed,Owned,2,1
31,1081205,3.3,3511941,60,645,21.0,1,0,528962,Salaried,Owned,0,1
45,1285832,11.2,1844863,60,621,12.2,0,0,511654,Self-employed,Rented,2,1
47,1431428,12.7,2878502,36,592,26.2,1,1,461322,Salaried,Rented,1,1
50,810683,10.0,3145501,60,726,33.4,2,0,285337,Salaried,Owned,2,1
49,1201521,18.1,2342793,60,799,18.7,0,0,239279,Contract,Rented,0,1
54,561309,8.5,7630470,72,714,2.0,1,0,325050,Salaried,Rented,0,0
36,2271837,6.3,5478148,48,613,31.2,0,0,1286408,Self-employed,Rented,2,0
24,999467,2.4,3236215,48,672,18.1,1,0,495132,Salaried,Owned,0,1
53,1029139,22.3,2473440,48,597,39.5,2,0,218299,Salaried,Rented,1,1
65,2086839,32.7,3548461,60,613,21.9,2,0,686504,Self-employed,Rented,1,1
52,1105242,21.2,3083208,72,750,53.6,0,1,315459,Salaried,Rented,1,0
61,787605,22.3,9043770,24,609,30.5,1,0,473073,Salaried,Rented,1,1
30,795060,2.9,6193254,60,648,32.8,2,1,426248,Salaried,Rented,0,0
63,530730,29.4,1217768,72,767,11.0,2,3,159689,Self-employed,Owned,2,1
42,937982,7.1,2715605,24,735,30.9,0,1,241547,Self-employed,Owned,4,0
44,1107974,17.6,3618546,72,559,27.9,0,0,589733,Contract,Rented,1,1
40,1239162,13.9,1833990,60,683,33.6,4,1,274791,Salaried,Owned,0,0
29,798149,4.8,2141425,60,655,13.4,0,0,30333,Salaried,Rented,2,1
47,1369107,19.3,2646892,48,676,32.4,1,1,346141,Salaried,Other,0,1
28,1061298,3.6,1147905,36,850,11.0,1,0,685074,Salaried,Rented,0,1
47,721051,9.2,2248634,72,673,23.0,0,0,319136,Salaried,Owned,2,0
42,1386131,16.2,2453015,60,753,9.4,0,0,801101,Self-employed,Rented,2,1
30,762223,2.5,2748747,84,709,17.3,1,0,417183,Salaried,Other,1,1
64,2591726,27.4,2216352,60,741,29.1,0,1,1027222,Salaried,Rented,3,1
47,551712,19.9,5714388,60,756,15.0,1,0,118429,Salaried,Other,1,1
53,1459906,20.0,961995,36,729,25.9,2,1,134182,Contract,Rented,1,1
53,1179019,11.4,467912,60,676,47.8,2,1,647633,Self-employed,Rented,1,0
47,1105613,11.1,11634400,72,630,36.8,1,0,44670,Salaried,Rented,1,0
46,646685,11.7,2569259,36,725,46.0,2,0,51376,Self-employed,Owned,1,1
41,652388,7.2,2922051,48,703,3.1,0,1,60956,Salaried,Owned,3,1
65,1751202,18.2,5030105,60,728,3.1,1,0,204019,Salaried,Owned,2,1
49,1301603,11.6,4169319,60,785,20.1,1,1,516203,Salaried,Owned,1,1
25,675923,1.8,4234896,36,685,14.0,1,0,110608,Salaried,Owned,2,0
53,315210,22.0,991932,48,695,8.2,1,0,93111,Salaried,Owned,0,1
41,748081,12.0,4764238,60,600,53.7,1,1,233353,Salaried,Owned,1,1
45,1049593,17.3,1977094,48,712,19.5,0,0,315721,Salaried,Rented,3,1
45,977511,16.6,2762978,48,742,25.3,0,0,338093,Salaried,Rented,0,1
25,1062495,2.3,1442752,72,650,41.4,0,1,38913,Contract,Owned,3,0
57,934480,14.3,2038140,48,733,30.0,0,1,346517,Salaried,Rented,0,1
52,1069075,16.0,2654255,60,682,33.3,0,1,456065,Self-employed,Rented,0,1
53,1015883,19.5,1142065,60,715,18.8,2,0,240402,Salaried,Rented,1,1
59,934722,20.7,1495313,60,624,37.9,0,0,539630,Salaried,Owned,0,1
65,484234,24.3,3137019,48,709,24.9,0,1,63447,Salaried,Owned,1,1
60,1211392,29.9,1372764,48,724,38.3,1,0,436599,Self-employed,Rented,2,1
25,702549,3.3,2879798,48,641,53.7,1,0,89321,Salaried,Rented,3,1
45,800415,15.9,3674834,24,690,50.3,1,1,222165,Salaried,Owned,2,0
46,785300,14.2,1487219,72,791,50.8,5,1,231205,Salaried,Owned,4,0
21,1531435,0.7,857616,60,673,39.2,3,2,661438,Self-employed,Other,4,0
48,579798,17.8,1068859,72,629,27.4,3,0,364479,Self-employed,Rented,3,1
36,523784,8.5,903921,60,673,29.7,0,1,131850,Salaried,Other,1,1
55,772928,11.8,6326060,36,750,15.6,0,1,291997,Salaried,Rented,2,1
39,1341675,9.7,2710689,48,707,20.2,3,0,62285,Salaried,Rented,0,1
57,1413682,9.5,2280209,36,733,32.8,1,1,53607,Salaried,Rented,1,1
28,1548447,2.1,2221649,72,681,22.3,0,1,876065,Self-employed,Rented,2,0
31,807488,5.1,1541500,24,748,14.4,2,0,304902,Self-employed,Owned,1,1
38,616433,11.0,2396763,60,578,66.6,2,2,149808,Salaried,Rented,2,0
33,1211869,5.6,911586,60,755,24.5,1,2,109331,Contract,Rented,1,1
55,969154,25.5,610476,48,588,31.7,2,0,457846,Contract,Rented,1,1
58,946077,25.9,6625796,60,743,36.5,1,0,518080,Salaried,Owned,3,1
35,540888,5.8,2078333,24,679,3.2,3,1,347539,Contract,Other,0,1
35,452421,8.9,4260622,36,680,28.1,3,0,194533,Salaried,Rented,0,0
21,711673,0.5,4394893,60,805,23.4,1,0,434456,Salaried,Other,4,1
29,750355,4.2,1883076,60,740,35.9,0,1,481671,Salaried,Rented,0,1
59,523751,12.8,1296371,48,627,46.0,0,1,198139,Self-employed,Rented,1,1
25,2483465,2.5,825606,48,731,13.1,3,0,123304,Self-employed,Owned,2,1
55,1302919,20.1,4862424,36,654,32.1,1,1,128281,Self-employed,Owned,1,1
28,598010,2.1,1655344,36,850,22.5,0,2,204998,Salaried,Rented,1,0
48,1283801,17.3,9060267,72,600,3.7,1,0,289120,Salaried,Rented,1,1
30,1913946,5.0,1535462,60,782,41.7,1,1,538748,Salaried,Owned,1,1
65,761244,13.9,2605047,72,700,14.8,1,0,412045,Salaried,Owned,0,1
58,1116267,19.7,2275692,60,684,30.7,1,1,214262,Salaried,Rented,1,1
29,1038602,3.4,1231954,36,711,29.6,1,2,273537,Contract,Owned,1,0
30,689440,6.3,5131420,48,808,37.4,1,0,342587,Salaried,Rented,2,1
45,551163,11.1,1542523,84,634,25.1,1,2,31261,Salaried,Rented,1,0
44,883577,14.5,1072185,84,566,11.1,2,0,543443,Self-employed,Owned,1,1
45,631968,9.3,599869,60,626,28.2,1,0,31690,Salaried,Other,2,1
36,250000,6.1,3368347,24,645,21.4,0,1,149475,Salaried,Other,1,0
57,1079742,22.5,2481191,60,725,19.4,0,0,634598,Salaried,Owned,3,1
54,1230641,16.9,4136002,72,737,42.5,4,1,291434,Contract,Rented,0,0
21,1064969,0.3,4127781,24,763,10.3,0,0,649895,Salaried,Rented,0,1
22,1112060,1.2,2694758,72,715,35.2,1,0,615402,Salaried,Owned,1,0
44,1492654,17.0,3469515,60,778,22.9,1,1,191470,Salaried,Rented,2,1
26,1274730,4.0,8338647,36,651,23.6,1,1,40696,Self-employed,Owned,3,1
40,770674,6.4,3373548,60,757,21.8,1,1,277655,Salaried,Owned,0,1
52,801568,14.4,2274448,60,564,2.0,0,1,439081,Salaried,Rented,1,1
25,2259771,3.2,1697901,60,793,53.0,1,0,1172273,Salaried,Owned,1,1
37,357658,4.8,2569937,84,648,40.5,3,0,146398,Salaried,Owned,0,1
21,2008281,0.7,2026518,60,674,38.2,0,1,229142,Salaried,Owned,2,1
52,886778,21.9,4889723,48,580,48.5,3,1,248633,Salaried,Owned,2,0
44,793029,9.8,3974175,48,679,16.1,5,0,169526,Salaried,Rented,0,1
57,1062039,18.4,1339958,72,699,20.5,0,0,626918,Salaried,Rented,0,1
31,866312,5.1,702908,84,739,19.2,0,1,300326,Self-employed,Other,5,1
59,2567355,21.9,1147829,72,658,42.8,4,0,1103594,Salaried,Owned,0,1
25,1377410,2.5,2278415,72,680,55.8,2,0,779918,Self-employed,Owned,0,0
57,921350,19.4,3129650,60,612,31.5,4,0,196798,Self-employed,Owned,2,0
57,818665,24.9,1877303,72,656,47.0,2,1,77030,Salaried,Owned,1,1
65,1221448,30.3,4458178,48,673,45.2,3,0,289128,Self-employed,Rented,1,1
35,945874,8.4,575995,36,610,36.5,0,0,514863,Salaried,Rented,1,1
22,876640,1.3,1900352,24,693,14.4,2,0,31030,Salaried,Rented,4,1
43,697427,10.5,937963,36,684,17.8,5,0,109189,Salaried,Rented,5,1
57,1593112,21.6,3522164,24,683,39.7,3,1,833683,Salaried,Rented,3,0
25,1585562,3.6,2385124,48,690,34.5,0,2,544409,Self-employed,Rented,0,1
38,587818,7.3,1920549,72,591,41.9,0,0,63679,Salaried,Rented,1,0
37,1398660,9.0,1367161,36,850,23.7,2,1,237228,Self-employed,Other,4,1
64,1536994,16.7,4723511,36,676,31.1,0,0,831510,Salaried,Rented,2,1
61,574723,12.3,3175775,48,713,32.4,1,1,373043,Salaried,Rented,2,1
33,2676641,8.7,2238354,24,768,23.1,1,0,786465,Salaried,Owned,2,1
45,1141546,9.1,1622221,24,761,15.6,1,0,66358,Salaried,Other,0,1
27,1177154,2.0,3896597,24,779,35.5,1,0,571415,Self-employed,Owned,1,1
27,497650,5.2,2694602,60,622,25.6,0,1,184259,Salaried,Rented,0,1
45,1830204,17.7,1908642,72,758,29.4,0,0,444339,Salaried,Rented,1,1
38,597763,5.3,1168766,60,694,22.5,1,2,275639,Self-employed,Owned,0,0
36,1214233,8.7,624135,84,753,20.0,0,2,465980,Salaried,Owned,0,1
50,1279269,20.7,5328824,60,734,25.9,4,0,213073,Self-employed,Owned,1,1
59,987792,9.8,3956404,48,822,34.9,0,0,379775,Salaried,Rented,1,1
65,1029804,13.2,1315031,36,664,56.7,1,0,599657,Salaried,Rented,0,0
25,759565,3.4,4100215,60,672,27.2,3,0,54334,Salaried,Rented,5,0
38,1692874,10.5,4242646,48,715,12.5,0,0,942998,Self-employed,Rented,1,0
23,1210516,1.7,4616133,60,755,27.3,2,0,581378,Salaried,Owned,1,1
49,569799,20.1,1648050,36,736,49.2,1,1,224970,Salaried,Other,1,0
63,367885,27.2,3173222,24,680,31.4,1,0,206544,Self-employed,Owned,5,1
56,825264,21.0,4337397,72,825,31.7,1,0,438385,Salaried,Owned,1,1
59,930383,12.1,1057535,36,760,18.1,1,0,233520,Self-employed,Owned,1,1
54,1800589,14.4,5735315,48,630,27.7,3,0,535458,Self-employed,Rented,2,0
37,1308332,9.6,4310564,72,702,24.5,2,1,822286,Self-employed,Owned,0,1
57,2215590,24.9,5977156,84,687,27.6,0,1,671921,Contract,Owned,1,1
61,756490,23.2,4917947,36,558,21.6,2,0,424962,Self-employed,Owned,3,1
46,1247051,8.2,2262823,48,647,24.7,3,4,242475,Salaried,Owned,2,1
30,739942,5.1,859592,72,528,19.7,0,0,418980,Self-employed,Rented,1,0
29,441698,2.3,852692,60,605,22.9,0,1,232047,Salaried,Rented,1,1
35,765097,5.1,6272973,84,732,50.1,4,1,425242,Salaried,Rented,5,0
62,357837,27.3,3124061,60,552,30.1,1,0,184574,Salaried,Rented,1,1
60,874090,28.7,5706641,60,715,32.0,2,3,325729,Salaried,Owned,0,1
34,701236,9.8,2373683,48,738,9.6,0,0,314760,Salaried,Rented,0,1
27,795367,1.9,3470104,60,637,39.4,1,1,284446,Self-employed,Rented,0,0
56,1208380,19.0,3700446,72,533,35.3,1,0,771715,Salaried,Rented,4,1
63,1420383,15.5,1963422,60,751,25.0,1,1,416126,Self-employed,Rented,0,1
48,985101,9.2,848718,60,736,44.3,1,2,350783,Self-employed,Owned,1,1
47,790284,12.2,5394743,60,706,3.9,3,1,56747,Salaried,Rented,2,1
25,643714,3.6,4485837,60,749,36.4,2,0,19986,Salaried,Owned,1,1
64,1433314,32.5,4435714,72,709,29.0,2,0,805817,Salaried,Owned,0,1
60,1235836,26.7,1738355,60,771,23.3,1,1,429846,Salaried,Owned,0,1
36,529949,10.7,3139491,72,689,24.9,1,2,310441,Self-employed,Rented,2,0
33,427632,7.8,1096621,60,601,38.1,1,0,192792,Salaried,Owned,2,1
49,1117462,8.9,415448,60,699,24.0,0,0,725579,Contract,Rented,0,1
43,955211,16.8,2934950,48,744,27.7,1,0,323104,Contract,Owned,2,1
24,430919,1.1,1484467,60,763,26.0,1,0,254279,Salaried,Rented,1,1
57,1015690,14.9,2110481,72,777,41.4,2,1,491396,Self-employed,Rented,1,1
50,714150,20.7,2670611,72,581,33.7,1,0,368008,Salaried,Rented,3,1
32,1330013,3.1,6337484,24,819,36.8,0,1,506469,Salaried,Owned,0,0
28,843506,5.7,4203387,36,847,30.0,5,1,398606,Salaried,Rented,1,0
55,461099,16.5,3375699,48,762,25.3,0,0,175736,Salaried,Rented,3,1
33,479054,5.1,2793212,36,612,21.0,1,1,179052,Salaried,Owned,3,1
56,733849,21.4,1949499,60,746,27.0,1,0,47170,Self-employed,Rented,1,1
32,324605,3.9,6320240,72,622,14.7,0,0,110028,Salaried,Owned,0,0
42,1053697,6.7,2261801,60,697,48.6,2,1,504874,Self-employed,Owned,2,0
49,925012,13.7,1759938,36,744,54.5,1,0,521370,Contract,Rented,1,1
64,956970,16.2,2781160,48,786,33.8,2,0,87366,Contract,Rented,2,1
65,1413967,29.6,4165478,48,673,24.1,0,3,229996,Contract,Owned,1,1
57,2390756,21.8,3051027,48,726,41.3,3,3,875367,Contract,Owned,1,1
50,740937,16.7,1416238,60,766,19.1,3,3,174710,Contract,Owned,3,0
54,1041926,20.4,4834078,60,693,2.0,0,1,604796,Salaried,Rented,0,1
31,526705,5.3,1431589,48,755,31.2,3,1,302028,Salaried,Rented,1,1
54,544422,23.4,1373986,36,553,40.1,0,0,197048,Self-employed,Rented,1,1
64,1524462,22.3,2297283,60,591,18.5,2,0,274412,Salaried,Owned,1,1
45,743359,12.4,1002171,60,730,27.9,1,0,175622,Salaried,Rented,2,0
54,1003183,21.0,2584739,36,778,5.6,1,0,305507,Salaried,Owned,0,1
58,997896,17.1,4011372,60,850,31.1,0,2,449354,Salaried,Owned,1,0
31,1046492,8.2,3784271,60,762,25.5,1,0,79970,Self-employed,Owned,1,1
26,408826,2.1,4523825,36,588,3.8,2,1,245781,Salaried,Owned,2,1
25,818450,2.7,716282,60,598,24.4,1,1,244508,Self-employed,Owned,0,1
42,973189,14.3,2015230,72,757,32.9,0,1,267148,Self-employed,Other,1,1
41,961985,11.2,1852690,60,568,20.8,4,1,80414,Self-employed,Owned,2,0
55,599035,23.8,1125467,60,695,32.0,3,2,195830,Salaried,Owned,0,1
41,767086,6.2,6367492,72,794,35.6,1,1,274191,Salaried,Rented,2,1
36,2030471,8.5,1041841,60,718,28.2,0,0,87218,Salaried,Owned,2,1
35,883886,10.7,1064821,48,813,17.4,2,1,355454,Contract,Other,1,1
23,817413,1.2,1782951,72,681,9.5,2,0,369509,Contract,Rented,2,0
50,969819,22.0,2784107,24,583,26.2,4,0,322496,Self-employed,Owned,0,1
42,437179,14.5,968097,72,651,32.0,0,1,140612,Salaried,Rented,3,1
50,2526717,21.8,836680,72,659,46.1,0,3,1008719,Self-employed,Rented,1,1
50,902270,13.9,1454583,60,692,7.8,2,1,95152,Salaried,Rented,0,1
51,1032248,12.4,1188759,72,747,30.5,2,0,275179,Salaried,Rented,1,0
41,331395,11.3,969731,84,763,23.6,3,0,79619,Salaried,Owned,2,1
60,972767,29.7,5166999,36,645,23.2,1,1,193139,Self-employed,Owned,1,1
49,702769,11.7,2282190,36,713,21.4,1,2,171180,Self-employed,Rented,5,0
61,636611,16.8,1892367,60,758,8.2,4,0,362723,Salaried,Rented,0,1
41,816627,13.8,7158419,48,669,30.9,1,0,305811,Self-employed,Owned,3,1
58,1506432,11.5,1416769,36,692,37.3,1,1,390488,Salaried,Owned,0,0
22,601814,1.3,2067663,60,724,54.5,1,0,322461,Salaried,Owned,2,0
22,842180,0.8,4229497,36,740,31.1,0,0,180512,Salaried,Owned,0,1
45,590889,7.7,3814569,72,746,58.3,1,2,29605,Salaried,Rented,0,0
27,388885,3.7,2081878,60,721,20.5,0,1,228359,Salaried,Owned,1,1
56,1715859,17.0,2869295,36,824,7.6,3,2,679675,Salaried,Owned,1,1
41,832174,9.1,1898250,36,730,13.8,1,0,138479,Self-employed,Rented,1,1
21,944718,0.5,4978389,60,714,33.9,0,0,39300,Self-employed,Rented,3,0
58,795084,28.5,2110845,60,674,31.0,1,2,192221,Salaried,Owned,1,1
60,798241,10.2,3164325,72,801,29.4,1,0,101658,Salaried,Owned,1,1
24,524766,3.0,1645861,24,762,33.5,4,2,219858,Salaried,Owned,0,0
41,882712,13.4,2439388,36,786,11.4,1,1,362981,Salaried,Rented,3,1
28,1075553,2.2,1475538,24,625,39.3,1,1,130252,Self-employed,Owned,2,0
35,934951,7.9,3174156,36,755,36.1,2,0,419549,Salaried,Owned,1,1
30,2058645,6.7,4308341,72,543,21.3,3,0,792122,Salaried,Rented,0,1
21,1661532,0.3,4503042,84,787,12.0,1,0,702632,Salaried,Rented,1,0
41,954104,12.7,1815588,24,591,38.4,2,0,84946,Contract,Rented,0,0
58,1589782,27.8,1448450,60,729,42.6,3,0,492584,Salaried,Owned,0,1
24,1159231,2.4,5677529,72,716,40.1,1,0,676399,Salaried,Rented,0,1
37,877739,7.2,2393399,48,579,31.4,1,2,254643,Salaried,Owned,1,0
47,2372102,15.3,1495954,60,850,37.5,2,1,778087,Self-employed,Owned,2,1
56,1187219,10.1,1461163,84,518,22.7,2,0,254964,Salaried,Owned,1,0
63,1083340,28.3,1958312,72,820,25.1,0,0,481655,Salaried,Owned,2,1
49,616872,13.8,1387359,36,710,24.8,2,0,222695,Salaried,Rented,2,1
33,590579,8.5,7888197,60,702,50.8,1,1,47363,Salaried,Owned,1,1
24,1533703,1.5,2748520,60,709,25.2,0,1,991828,Salaried,Owned,1,1
40,1214600,12.2,3070713,36,725,26.4,1,0,658005,Contract,Owned,1,1
49,577247,8.7,3126812,72,769,30.1,1,0,186510,Salaried,Owned,1,0
30,1065857,5.6,2892151,72,627,39.7,1,1,646617,Salaried,Rented,1,1
54,751113,20.6,2294626,48,672,28.3,1,1,265890,Contract,Rented,2,1
26,837504,4.2,10192385,48,775,10.1,1,2,104056,Salaried,Owned,1,1
55,2710156,20.2,2761193,72,632,33.0,3,1,1745645,Salaried,Owned,2,1
56,619307,17.8,4158807,36,677,9.7,0,0,174097,Self-employed,Owned,0,1
61,685415,14.6,1231978,36,748,23.1,2,0,109176,Salaried,Owned,2,1
52,632063,12.1,5880545,84,776,18.3,1,2,300534,Salaried,Owned,4,1
24,963972,2.5,1995743,36,770,53.8,1,0,242445,Salaried,Other,2,1
52,511852,20.3,2841148,60,659,38.4,2,0,317285,Self-employed,Rented,1,1
57,910342,17.1,1134750,60,748,32.0,0,0,514622,Self-employed,Owned,1,1
65,998059,27.2,2716231,48,600,31.7,2,0,193652,Salaried,Rented,0,1
61,690227,20.7,1008797,48,722,36.6,1,0,218684,Salaried,Owned,1,1
58,1148363,10.5,2751457,60,658,12.4,2,0,597375,Salaried,Owned,1,1
21,882700,0.7,3746582,72,790,26.0,1,1,34225,Salaried,Rented,1,0
51,808299,21.6,8696485,48,744,15.3,1,1,319280,Salaried,Rented,2,0
65,651923,21.9,1332526,48,650,2.0,1,0,290456,Contract,Rented,2,1
50,515168,18.6,1439875,36,676,30.6,1,0,333763,Salaried,Rented,2,1
51,911056,7.9,1862158,36,748,19.0,2,0,496721,Salaried,Rented,0,1
56,1104162,10.6,1307448,84,724,39.9,1,1,546108,Contract,Rented,2,1
63,1412297,22.6,2893504,36,604,18.7,1,0,473598,Salaried,Rented,0,1
22,921785,0.9,897901,36,693,36.4,0,2,328632,Salaried,Rented,1,1
31,684185,3.0,6275134,84,725,37.9,2,0,92563,Self-employed,Other,3,1
59,488665,25.3,2823156,72,748,29.3,1,0,251681,Salaried,Rented,0,1
48,589616,13.3,605854,24,690,31.5,2,1,105098,Salaried,Owned,2,1
40,860496,7.0,921212,60,797,20.1,0,1,218828,Salaried,Owned,0,1
61,1272862,16.4,997778,84,690,46.1,3,0,636988,Salaried,Owned,1,1
32,1302747,7.2,2071591,60,651,32.5,0,0,668805,Self-employed,Rented,2,0
48,794994,13.9,4361217,72,742,42.5,0,0,196958,Self-employed,Rented,0,1
47,1362006,19.5,1170505,60,808,24.1,3,0,276789,Contract,Rented,0,1
24,974979,1.2,1451073,60,642,24.7,2,0,330197,Salaried,Owned,0,0
29,1206996,3.4,2859411,72,782,38.5,1,0,203917,Self-employed,Rented,2,1
47,516546,13.2,1808844,48,592,31.6,3,1,233347,Self-employed,Owned,2,1
44,1177554,10.0,518424,60,644,25.8,0,0,474404,Salaried,Owned,0,1
33,1373330,9.0,1889038,60,850,57.7,1,2,408622,Salaried,Rented,2,0
38,1442470,6.7,3135067,60,729,41.2,2,1,661916,Self-employed,Owned,1,0
23,827473,2.2,5080021,36,741,18.1,0,0,261310,Self-employed,Owned,4,1
53,576000,20.0,1709054,84,675,28.2,1,2,223392,Salaried,Rented,1,1
48,1574818,12.6,2363781,72,764,30.3,2,1,837267,Salaried,Owned,0,0
44,1044031,17.7,1282601,72,704,18.9,1,0,417925,Salaried,Rented,1,1
35,823157,8.0,737652,72,762,15.2,0,1,244671,Salaried,Rented,0,1
22,872175,0.6,1243929,24,726,50.1,1,1,122053,Salaried,Owned,2,0
46,689631,12.1,577130,60,723,46.7,1,0,260037,Salaried,Owned,2,0
42,1055161,8.9,1272519,60,669,11.2,0,1,379445,Salaried,Rented,3,0
25,451704,1.7,4599894,48,830,20.5,2,0,132526,Self-employed,Rented,2,0
64,323451,15.2,2922508,60,592,35.7,2,0,162266,Salaried,Owned,2,0
50,1012176,11.9,4402259,72,648,34.0,0,1,194922,Salaried,Owned,2,0
62,929601,13.9,2746407,72,630,21.8,0,0,246475,Self-employed,Owned,0,0
55,2534514,14.8,6821516,48,752,33.6,2,3,507236,Salaried,Owned,0,1
65,751322,13.8,2258203,72,639,40.5,0,0,366727,Self-employed,Rented,2,1
44,914983,9.9,1110294,60,737,42.4,1,0,382067,Salaried,Rented,1,1
51,672520,21.0,5163093,24,850,35.2,0,0,221768,Contract,Owned,3,1
22,1049054,0.5,1339443,60,683,35.7,2,0,424434,Contract,Owned,2,0
42,1072279,9.7,2913059,84,699,31.5,1,1,454178,Salaried,Rented,1,0
47,507554,13.8,2494069,60,742,30.9,2,0,203985,Salaried,Owned,1,1
36,583879,8.7,5491434,60,718,16.4,2,1,57260,Salaried,Owned,2,1
31,2677038,6.0,3116193,36,634,39.4,2,0,559712,Salaried,Rented,0,0
51,1537349,9.4,2278196,60,659,16.4,2,0,334812,Salaried,Owned,2,1
31,741712,7.0,1130486,72,706,38.1,2,0,322994,Salaried,Rented,1,1
28,427778,5.3,1788546,60,555,17.7,1,1,53669,Salaried,Rented,0,0
31,1179318,5.3,4072982,48,613,15.6,0,3,45494,Self-employed,Rented,5,1
22,1009466,0.9,697561,72,684,34.6,1,2,503982,Salaried,Rented,1,0
21,396967,0.5,3638561,36,828,24.5,2,0,160104,Self-employed,Owned,3,0
42,1297203,11.8,1914261,72,808,56.1,0,0,432672,Salaried,Owned,1,0
38,429228,9.4,985796,84,767,24.7,1,0,110536,Salaried,Rented,1,1
63,1333341,13.1,1875335,60,832,72.1,0,0,856449,Self-employed,Owned,2,1
30,747268,5.4,3181647,60,739,31.6,0,1,478723,Contract,Owned,0,1
40,1237877,11.8,2019367,36,676,45.1,1,0,177357,Self-employed,Other,1,1
63,428597,27.9,2216004,36,775,21.5,2,0,100298,Self-employed,Rented,1,1
53,532403,11.1,4483447,36,788,41.7,1,0,47529,Salaried,Owned,1,1
57,450389,10.6,3802532,36,719,28.0,2,0,234637,Self-employed,Owned,1,1
43,1887348,6.3,1720528,36,816,18.6,3,1,976492,Contract,Rented,3,1
43,1205599,9.9,829407,60,704,2.0,2,1,102930,Salaried,Rented,5,1
63,431214,20.5,2579487,72,676,28.3,3,2,213590,Salaried,Rented,2,1
38,999332,6.9,3677605,60,740,41.7,1,2,630210,Salaried,Rented,2,1
24,992105,2.5,1073390,72,719,50.3,1,1,643905,Salaried,Rented,2,0
54,850978,12.9,1920207,36,850,32.6,1,1,458197,Salaried,Owned,0,1
23,719744,1.6,1881430,48,654,42.9,1,2,405286,Salaried,Rented,0,1
41,484492,15.4,3192561,48,785,29.9,2,1,131159,Salaried,Rented,1,1
52,637728,21.1,1517374,24,648,26.5,2,0,103198,Salaried,Rented,1,1
51,506865,11.8,1687034,72,627,14.7,2,0,284139,Salaried,Owned,0,1
60,1204017,12.7,1098837,48,850,21.4,3,1,589165,Salaried,Owned,3,1
57,921233,11.7,3440290,48,721,2.7,0,0,221733,Salaried,Rented,1,1
44,1644792,13.7,2175829,60,655,30.8,0,0,106479,Self-employed,Owned,3,1
23,656982,1.6,1913424,60,634,34.8,1,0,231093,Self-employed,Rented,2,0
37,982748,11.4,2708751,60,811,53.6,3,0,173731,Self-employed,Rented,2,1
28,1608983,2.1,2321822,60,641,18.0,0,0,361157,Salaried,Rented,0,1
44,1003212,14.5,4103801,48,716,28.7,3,1,539778,Salaried,Owned,0,0
56,714356,13.5,1061660,48,678,29.0,2,1,443663,Salaried,Owned,2,1
58,1081476,12.1,1788693,60,693,42.1,0,1,575792,Salaried,Owned,0,1
50,1336653,16.2,1910674,72,709,23.1,0,1,337577,Salaried,Owned,3,1
21,670139,0.5,1246301,48,758,39.1,1,1,303238,Self-employed,Owned,1,0
32,847352,7.7,1458512,72,660,26.8,2,0,254891,Contract,Rented,1,1
63,429394,27.2,3130491,48,815,30.2,2,1,225313,Salaried,Rented,2,1
38,1035007,10.4,1833338,48,622,25.0,0,1,274032,Self-employed,Owned,2,0
38,2154063,10.0,1896126,60,620,40.4,0,0,137131,Salaried,Owned,2,1
37,827106,12.7,1259906,36,697,12.0,0,2,322493,Salaried,Rented,1,1
23,1028781,1.1,3373423,48,640,29.8,0,2,277272,Salaried,Owned,4,0
32,410473,5.1,2696957,24,600,9.4,2,0,199130,Self-employed,Rented,1,0
38,1157389,7.4,5743496,24,761,51.2,1,0,750731,Contract,Rented,2,1
49,649239,14.1,3320694,60,771,33.2,0,0,72084,Self-employed,Rented,1,1
38,600978,5.3,2864497,72,700,31.3,1,1,231785,Salaried,Rented,0,1
48,960896,19.1,945665,36,683,32.1,2,1,580426,Self-employed,Owned,2,0
58,405589,23.3,1609768,48,602,56.6,2,1,118773,Salaried,Owned,2,0
47,1265815,14.7,2842598,60,738,29.5,1,0,169296,Salaried,Rented,0,1
46,575039,15.2,1826193,72,706,24.2,1,0,205382,Contract,Rented,1,1
64,930874,14.7,2959450,36,691,19.8,2,0,311725,Salaried,Rented,1,0
22,1133246,1.2,2632673,36,647,10.0,0,0,493822,Self-employed,Owned,2,1
24,757121,2.2,3017298,48,778,30.9,1,0,422247,Salaried,Rented,2,1
27,618562,2.1,1856013,60,716,25.8,1,0,216787,Self-employed,Rented,1,0
43,842466,9.4,4116855,72,689,53.6,2,0,162182,Salaried,Owned,0,0
59,716221,23.4,4938002,36,620,12.4,0,0,128741,Salaried,Rented,0,1
52,882161,14.9,2175908,72,713,38.4,1,0,87705,Salaried,Owned,0,0
32,1470175,3.7,3590077,60,769,45.2,5,0,400066,Contract,Rented,2,0
28,839129,3.4,1882362,36,780,37.3,3,0,68920,Salaried,Owned,1,1
44,427800,12.0,3000836,36,850,29.4,0,0,106797,Salaried,Owned,1,0
47,1617351,8.6,1142650,36,725,40.7,0,0,89979,Salaried,Rented,0,1
50,1139448,18.7,1220908,48,772,61.0,1,1,172589,Salaried,Rented,1,0
43,706243,11.5,3126074,60,748,9.1,2,2,206546,Salaried,Owned,0,1
40,596850,12.9,2589410,60,762,40.7,1,0,351476,Salaried,Other,0,1
39,967255,11.3,1657472,60,635,7.4,0,1,87128,Self-employed,Rented,2,0
57,746702,23.1,2667172,60,730,36.6,0,1,223637,Salaried,Owned,1,1
31,1131030,5.7,5768237,72,609,22.9,0,0,254004,Salaried,Owned,1,1
26,941469,3.8,1654999,72,708,32.2,2,0,243067,Salaried,Owned,3,0
32,1140710,4.3,2408359,36,848,46.1,0,0,704440,Contract,Owned,0,1
53,851110,23.7,1620048,72,732,24.5,0,1,345341,Salaried,Owned,3,1
64,745930,15.6,2013606,48,708,42.3,1,0,452941,Salaried,Rented,2,1
50,729874,20.0,1067957,24,733,51.7,3,3,357656,Self-employed,Rented,0,0
47,782555,11.6,1389550,60,701,26.6,0,0,176462,Salaried,Other,2,1
22,458603,1.4,3253517,72,719,29.2,0,0,17843,Salaried,Owned,6,0
45,732193,11.2,3351255,60,673,35.1,1,0,313004,Salaried,Owned,2,1
60,538903,26.9,3075398,84,815,23.7,1,1,276343,Salaried,Owned,3,1
34,2398296,7.0,996372,60,592,32.3,1,1,826943,Self-employed,Rented,2,0
22,748095,0.8,1312889,24,652,25.8,0,0,437095,Salaried,Rented,0,0
43,682909,6.3,685328,48,714,26.6,1,0,85559,Salaried,Rented,0,1
63,479604,19.8,1461127,60,741,43.8,1,0,108108,Salaried,Owned,2,1
40,961697,10.0,2726515,84,611,31.4,1,0,310961,Salaried,Rented,2,1
45,484013,16.5,2489376,72,850,24.4,0,1,275376,Self-employed,Rented,1,1
33,1062883,9.7,2428272,60,657,34.4,1,1,57223,Salaried,Owned,4,0
53,566736,17.2,847922,24,749,29.8,2,0,181592,Contract,Rented,2,1
32,981334,5.8,2327329,48,708,34.0,3,1,419805,Contract,Rented,0,0
25,1214801,2.2,1494076,72,756,27.4,2,0,51207,Salaried,Rented,2,1
38,538595,9.8,2137026,60,666,15.2,0,0,233925,Self-employed,Owned,1,1
55,827331,24.5,1953704,48,579,25.4,2,3,45527,Salaried,Other,2,1
22,971626,1.3,4301187,72,669,48.7,1,0,158721,Salaried,Owned,1,0
37,792788,5.2,4352887,72,647,47.0,2,0,247005,Salaried,Rented,2,1
23,948631,2.2,1556200,72,624,20.6,2,0,436825,Self-employed,Rented,1,1
36,1191560,9.0,1070807,48,773,26.1,2,1,257345,Salaried,Rented,2,0
50,690675,13.8,1623005,36,705,20.0,1,1,274082,Salaried,Rented,2,1
63,1006267,12.2,1122633,60,600,17.1,1,2,491336,Salaried,Rented,1,1
32,1026913,3.2,2306504,36,623,14.3,1,1,314773,Salaried,Rented,0,1
33,1112574,7.9,1627857,60,660,24.1,0,2,590454,Salaried,Rented,0,0
38,488790,12.7,4580795,48,688,29.1,1,3,139818,Salaried,Owned,1,1
37,1653278,11.1,3382023,36,761,24.7,2,1,451089,Contract,Rented,1,0
52,797076,9.8,1209827,48,850,32.8,0,0,481896,Salaried,Owned,1,1
42,843225,11.8,2766681,60,747,17.4,2,0,409169,Salaried,Owned,0,1
43,410383,8.8,3140264,60,664,20.8,1,2,252414,Salaried,Rented,4,0
28,1458497,4.0,1481322,48,797,47.5,2,2,804569,Salaried,Other,2,0
29,957365,5.1,5673818,60,701,55.3,1,0,544746,Self-employed,Owned,0,0
45,1257709,14.0,2037970,36,707,29.1,1,1,103231,Salaried,Other,1,1
44,1304595,9.7,1103318,72,662,31.2,1,0,318963,Salaried,Rented,0,1
46,1021779,6.7,3054796,48,765,21.2,2,1,85213,Self-employed,Rented,1,0
60,1250551,17.3,3164800,60,763,24.9,1,0,162830,Salaried,Other,2,1
44,1814288,8.3,646383,72,797,17.4,1,2,1020883,Salaried,Owned,2,0
48,675033,10.1,859596,72,668,23.1,0,3,141020,Salaried,Rented,1,0
65,646049,31.2,5778437,60,650,30.0,0,1,28451,Salaried,Rented,1,1
30,1084440,3.3,4088761,60,796,47.5,3,1,105639,Salaried,Rented,0,0
58,435351,23.4,1933379,84,759,31.2,0,1,143519,Salaried,Rented,2,0
59,1540325,23.4,3125231,48,651,26.5,1,1,492343,Contract,Rented,3,1
24,1154067,1.4,6177339,36,715,30.5,2,1,473348,Contract,Owned,0,1
24,273036,2.1,3140540,36,723,37.2,0,0,153254,Self-employed,Rented,3,0
24,721282,1.0,2884945,48,655,9.6,0,0,331349,Salaried,Owned,3,1
63,761319,23.6,1014502,60,723,42.1,1,0,52992,Salaried,Other,0,1
51,1684429,21.1,1291937,84,600,48.4,1,0,889737,Salaried,Owned,3,0
61,650964,12.5,5776749,48,782,27.0,5,0,235895,Self-employed,Owned,1,0
57,1263958,27.2,1543004,48,655,37.2,1,2,754545,Salaried,Rented,2,0
64,1230224,23.6,5712885,36,699,53.4,1,1,124936,Self-employed,Rented,0,1
39,419746,5.7,1457705,48,632,14.3,0,0,87359,Self-employed,Owned,3,0
49,1150983,13.5,1106328,72,616,17.5,3,0,467246,Self-employed,Owned,0,1
57,1426116,20.4,2193548,60,736,26.4,0,1,173254,Self-employed,Owned,2,1
52,1135534,23.7,1741618,72,764,44.3,2,0,571238,Salaried,Owned,0,1
41,667874,11.3,835745,72,598,8.4,4,0,38388,Salaried,Owned,0,0
62,2010153,30.0,2208354,72,850,8.4,1,0,82074,Contract,Owned,3,1
37,292258,6.2,783785,60,672,37.4,0,0,167042,Salaried,Owned,0,1
31,1270975,5.7,1542438,36,671,49.6,1,0,258807,Self-employed,Rented,0,0
65,894234,24.1,770205,60,690,14.0,0,0,357183,Self-employed,Owned,3,1
48,331164,14.2,6478634,72,630,35.2,0,1,202413,Salaried,Rented,2,0
56,734547,25.1,3384931,24,594,2.0,0,0,226560,Salaried,Owned,1,1
30,1735299,4.0,2526612,48,689,37.4,2,2,693784,Salaried,Owned,1,0
35,1052350,9.9,3951039,48,779,2.0,1,0,451467,Salaried,Owned,1,1
28,1047948,3.6,669456,60,553,37.5,0,0,431798,Self-employed,Owned,2,0
47,570730,17.7,3097188,84,600,23.1,0,0,322034,Salaried,Rented,0,1
25,1195715,2.3,1596876,84,714,43.0,2,2,368957,Contract,Owned,2,0
54,1207101,21.8,5469785,36,715,44.7,1,1,49020,Salaried,Rented,0,1
40,1106852,10.0,3634176,84,784,29.2,1,2,552375,Self-employed,Rented,3,1
46,250000,7.7,1253021,60,699,23.4,1,0,103361,Salaried,Owned,3,1
30,852525,4.0,4688648,60,648,15.9,0,0,221145,Self-employed,Rented,0,1
61,805490,19.9,3705170,84,619,21.2,2,0,420466,Self-employed,Other,1,1
27,720678,4.7,532525,36,638,20.4,0,2,447950,Salaried,Owned,2,0
61,957440,15.7,5980314,60,742,27.5,1,1,94440,Contract,Rented,2,1
38,730511,13.4,838563,36,691,49.1,1,1,218982,Salaried,Rented,1,1
30,501950,4.6,3079395,72,802,39.5,2,1,295916,Salaried,Rented,0,0
24,783818,1.9,3887579,60,850,22.0,1,0,502455,Contract,Owned,1,0
40,878905,7.6,3058488,48,630,42.9,0,2,172973,Salaried,Rented,1,0
54,1102016,20.6,2430823,72,666,38.8,2,0,623557,Salaried,Rented,3,1
30,1046994,3.4,1551187,84,760,19.5,0,0,158062,Salaried,Rented,1,1
49,1026221,20.4,3265383,72,721,28.8,2,1,197472,Salaried,Rented,0,1
37,1025751,10.7,3413086,60,720,18.0,0,1,505310,Self-employed,Rented,1,1
42,616911,7.7,3538631,48,840,45.0,2,0,219666,Salaried,Rented,1,1
35,824395,6.4,2092078,36,724,2.1,2,0,338435,Salaried,Owned,3,1
64,1333758,27.0,1291364,72,532,20.8,1,0,832581,Salaried,Other,1,1
24,313156,2.3,1620477,48,737,33.6,0,0,188227,Self-employed,Rented,3,0
27,1203943,2.5,3821826,60,829,25.5,3,0,592614,Contract,Owned,1,1
31,1043572,4.0,6483947,48,689,35.6,2,0,628985,Contract,Rented,3,0
41,1071063,7.9,2473008,60,636,22.3,1,1,250098,Salaried,Rented,0,1
51,986230,14.5,1107857,48,696,17.0,1,0,281318,Salaried,Other,0,1
29,599442,5.9,2929437,60,794,13.2,3,0,255216,Salaried,Owned,2,1
23,739215,2.2,2297683,36,743,18.9,2,0,188096,Self-employed,Owned,2,0
27,1060996,3.0,1429764,24,682,16.1,0,0,323247,Contract,Owned,1,0
56,708030,12.6,1668746,72,683,22.2,2,0,99757,Salaried,Owned,0,1
57,881358,14.1,2835124,60,680,46.8,1,2,475003,Self-employed,Owned,0,1
35,1777622,8.8,6444032,36,635,17.1,2,0,868928,Salaried,Rented,2,1
59,1373491,12.9,6503930,60,621,44.9,3,2,391982,Contract,Other,2,1
57,1704283,14.8,3398108,48,783,49.5,1,0,729608,Salaried,Owned,1,1
36,1423313,8.2,3927435,60,747,12.7,1,1,666478,Salaried,Rented,3,1
23,485984,1.9,3067771,84,829,27.0,1,0,60198,Self-employed,Rented,0,1
28,631559,5.0,1786760,72,662,17.9,1,2,214767,Self-employed,Other,1,0
26,1535821,3.2,2520721,72,709,18.3,0,0,367534,Salaried,Owned,4,0
25,769113,2.3,2155870,84,735,33.4,3,0,120794,Salaried,Owned,0,0
41,1048714,7.9,1964309,84,732,37.6,1,2,417142,Salaried,Rented,0,1
32,778530,6.0,1093109,60,656,18.0,2,0,397774,Salaried,Rented,4,1
47,569836,8.1,2482577,72,824,40.4,0,1,112041,Salaried,Rented,1,1
35,718396,10.4,10452564,60,620,34.6,1,0,272545,Salaried,Rented,0,1
57,1190598,24.5,3700202,60,601,46.8,2,0,334903,Salaried,Rented,2,0
22,650143,1.3,1780885,60,705,13.3,1,1,103378,Salaried,Rented,1,1
47,1226113,20.1,1580723,72,773,28.0,1,1,339645,Salaried,Rented,1,1
25,604935,2.6,1820350,36,636,48.4,0,1,345163,Self-employed,Owned,4,0
40,957841,7.5,1561284,48,680,28.9,1,1,30523,Salaried,Owned,0,1
28,842390,4.3,2163970,72,648,38.0,2,0,411126,Salaried,Owned,2,0
45,953620,10.4,3626586,48,789,25.1,2,0,559730,Salaried,Owned,1,1
21,971379,0.4,1776713,48,829,30.7,0,0,406785,Salaried,Owned,1,1
41,734121,12.8,1375355,48,575,24.2,4,0,102339,Self-employed,Owned,3,1
34,727992,10.2,581121,72,698,26.1,0,0,445842,Self-employed,Owned,3,0
34,873560,8.2,1217312,36,653,39.5,1,0,285297,Salaried,Rented,2,0
39,707714,14.1,3805315,60,665,19.3,1,1,29725,Salaried,Rented,1,1
57,2166939,20.9,2582636,72,698,35.2,1,2,537038,Contract,Owned,2,0
29,482299,3.1,1413295,60,630,24.1,4,2,148940,Self-employed,Owned,1,0
27,1453163,2.2,2070183,60,575,38.3,1,0,629196,Contract,Rented,2,1
41,1371778,14.0,856706,72,737,9.7,1,1,741401,Salaried,Rented,5,1
38,1487517,6.6,1114543,84,615,49.7,3,3,812364,Salaried,Rented,4,0
47,862305,14.8,1196532,72,792,20.5,1,0,150021,Self-employed,Other,1,1
28,577630,2.4,3212845,60,721,31.7,3,1,330150,Contract,Rented,0,0
65,1619438,15.4,3331818,48,678,19.3,1,1,611049,Contract,Rented,0,1
57,997102,20.8,2015681,72,650,16.9,1,2,253492,Salaried,Owned,2,1
36,679255,5.6,1980851,72,764,38.3,2,1,411878,Salaried,Rented,1,1
37,980407,5.9,1460635,72,734,39.0,3,0,318255,Self-employed,Rented,4,1
61,616035,12.0,2314120,84,784,40.2,1,1,376321,Salaried,Rented,4,1
39,552985,6.2,1507454,36,687,37.3,0,2,341503,Salaried,Rented,0,0
38,395853,6.8,1507913,72,651,50.1,1,0,141171,Salaried,Owned,3,1
26,815143,4.1,709031,60,687,18.7,0,2,135772,Salaried,Rented,2,1
24,1436738,2.7,3169707,48,676,48.1,3,0,69989,Salaried,Owned,3,0
58,1037400,13.4,1249727,84,790,17.2,0,0,404645,Salaried,Rented,1,1
30,488075,2.9,788273,36,716,19.4,0,1,181640,Salaried,Rented,0,1
38,1048434,8.9,4179653,36,680,20.4,2,1,580770,Salaried,Rented,0,1
44,960718,9.6,2695777,60,707,36.7,5,1,85889,Contract,Owned,3,0
38,762423,8.4,2948813,60,800,47.6,2,1,313540,Salaried,Other,2,0
28,905449,4.4,1387839,60,735,27.9,2,1,305371,Self-employed,Other,2,1
58,1802537,17.3,2179100,60,801,28.2,3,0,541295,Self-employed,Owned,1,1
62,896068,14.3,1577461,48,722,2.0,1,0,167008,Self-employed,Rented,0,1
22,1031324,1.1,1294571,24,729,11.5,0,0,114870,Salaried,Rented,1,0
27,630410,3.0,1127358,36,740,34.3,0,1,205671,Salaried,Owned,0,0
54,669954,15.7,3257026,84,757,52.3,0,0,393628,Self-employed,Rented,3,1
36,587224,10.2,2343696,84,747,16.4,1,0,76478,Salaried,Owned,0,1
26,700625,2.9,2056855,60,734,40.4,4,0,400293,Salaried,Owned,1,0
39,1472541,13.7,6949319,36,672,47.5,2,0,832898,Salaried,Rented,3,0
60,641353,11.0,2652965,60,706,22.4,2,0,326561,Contract,Owned,0,0
61,1096549,19.9,863671,48,694,37.7,2,1,537991,Salaried,Rented,1,1
28,2755615,2.7,1062216,48,720,34.6,0,1,1362582,Salaried,Rented,2,0
34,995009,4.0,1678868,48,656,44.5,0,1,308756,Self-employed,Owned,1,1
60,1154555,10.5,2595774,48,850,19.1,1,0,687046,Self-employed,Owned,1,1
46,990280,12.3,654877,60,653,19.1,0,0,418713,Salaried,Rented,1,1
63,544388,23.5,1571294,36,712,12.3,1,1,270677,Salaried,Owned,0,1
23,1236040,1.2,4368274,72,780,40.8,2,1,659996,Salaried,Owned,2,1
59,495715,15.3,4086201,72,621,9.2,0,3,44485,Salaried,Rented,4,1
42,705335,14.1,2085581,60,731,25.9,0,0,408160,Salaried,Rented,1,1
43,1504410,6.0,4413702,60,799,16.3,3,0,853189,Self-employed,Rented,1,1
36,584369,10.2,2543984,36,722,25.7,1,1,122750,Self-employed,Rented,1,1
59,671732,18.0,3496355,36,744,33.0,2,4,147460,Salaried,Rented,1,1
